{"textures":{"1":"modelengine:entity/fallenravager"},"elements":[{"from":[7.8639727,10.770099,-6.9863005],"to":[8.131723,11.519098,-6.2373],"faces":{"east":{"uv":[7.3135,4.6885,7.4365,4.8115],"tintindex":0,"rotation":0,"texture":"#1"},"south":{"uv":[5.5635,8.001,5.624,8.124],"tintindex":0,"rotation":0,"texture":"#1"},"north":{"uv":[8.001,5.3135,8.0615,5.4365],"tintindex":0,"rotation":0,"texture":"#1"},"west":{"uv":[7.3135,5.6885,7.4365,5.8115],"tintindex":0,"rotation":0,"texture":"#1"},"up":{"uv":[5.749,8.124,5.6885,8.001],"tintindex":0,"rotation":0,"texture":"#1"},"down":{"uv":[5.999,8.001,5.9385,8.124],"tintindex":0,"rotation":0,"texture":"#1"}},"rotation":{"origin":[7.9915676,7.497986,-3.9068928],"angle":-22.5,"axis":"x"}},{"from":[7.8635783,5.7772274,-6.111414],"to":[8.131329,7.526228,-5.6124134],"faces":{"east":{"uv":[2.6885,7.3135,2.749,7.5615],"tintindex":0,"rotation":0,"texture":"#1"},"south":{"uv":[2.8135,7.3135,2.874,7.5615],"tintindex":0,"rotation":0,"texture":"#1"},"north":{"uv":[2.5635,7.3135,2.624,7.5615],"tintindex":0,"rotation":0,"texture":"#1"},"west":{"uv":[7.3135,3.501,7.374,3.749],"tintindex":0,"rotation":0,"texture":"#1"},"up":{"uv":[8.624,1.3115,8.5635,1.251],"tintindex":0,"rotation":0,"texture":"#1"},"down":{"uv":[1.4365,8.5635,1.376,8.624],"tintindex":0,"rotation":0,"texture":"#1"}},"rotation":{"origin":[7.991173,7.497986,-3.9068928],"angle":-22.5,"axis":"x"}},{"from":[7.8784733,10.798777,-4.980112],"to":[8.123472,12.2937765,-3.4851112],"faces":{"east":{"uv":[4.876,5.376,5.0615,5.5615],"tintindex":0,"rotation":0,"texture":"#1"},"south":{"uv":[7.6885,2.501,7.749,2.6865],"tintindex":0,"rotation":0,"texture":"#1"},"north":{"uv":[2.376,7.6885,2.4365,7.874],"tintindex":0,"rotation":0,"texture":"#1"},"west":{"uv":[5.4385,0.626,5.624,0.8115],"tintindex":0,"rotation":0,"texture":"#1"},"up":{"uv":[7.749,2.9365,7.6885,2.751],"tintindex":0,"rotation":0,"texture":"#1"},"down":{"uv":[7.749,3.001,7.6885,3.1865],"tintindex":0,"rotation":0,"texture":"#1"}},"rotation":{"origin":[7.9915676,7.497986,-3.9068928],"angle":-45.0,"axis":"x"}},{"from":[7.750405,7.6447105,-8.449785],"to":[8.250404,8.144711,-4.449785],"faces":{"east":{"uv":[5.751,2.4385,6.249,2.499],"tintindex":0,"rotation":0,"texture":"#1"},"south":{"uv":[7.8135,8.501,7.874,8.5615],"tintindex":0,"rotation":0,"texture":"#1"},"north":{"uv":[8.501,7.6885,8.5615,7.749],"tintindex":0,"rotation":0,"texture":"#1"},"west":{"uv":[5.876,0.376,6.374,0.4365],"tintindex":0,"rotation":0,"texture":"#1"},"up":{"uv":[4.4365,6.124,4.376,5.626],"tintindex":0,"rotation":0,"texture":"#1"},"down":{"uv":[5.3115,5.751,5.251,6.249],"tintindex":0,"rotation":0,"texture":"#1"}}},{"from":[8.251905,10.146952,-5.840255],"to":[8.748905,10.643951,-5.343255],"faces":{"east":{"uv":[8.501,1.001,8.5615,1.0615],"tintindex":0,"rotation":0,"texture":"#1"},"south":{"uv":[8.501,1.126,8.5615,1.1865],"tintindex":0,"rotation":0,"texture":"#1"},"north":{"uv":[0.876,8.501,0.9365,8.5615],"tintindex":0,"rotation":0,"texture":"#1"},"west":{"uv":[1.501,8.501,1.5615,8.5615],"tintindex":0,"rotation":0,"texture":"#1"},"up":{"uv":[1.8115,8.5615,1.751,8.501],"tintindex":0,"rotation":0,"texture":"#1"},"down":{"uv":[8.5615,1.8135,8.501,1.874],"tintindex":0,"rotation":0,"texture":"#1"}},"rotation":{"origin":[8.0086355,7.497986,-3.9068928],"angle":-45.0,"axis":"x"}},{"from":[8.400405,7.605427,-6.9997845],"to":[8.900405,8.105427,-5.9997845],"faces":{"east":{"uv":[0.126,8.001,0.249,8.0615],"tintindex":0,"rotation":0,"texture":"#1"},"south":{"uv":[8.501,2.751,8.5615,2.8115],"tintindex":0,"rotation":0,"texture":"#1"},"north":{"uv":[8.501,2.626,8.5615,2.6865],"tintindex":0,"rotation":0,"texture":"#1"},"west":{"uv":[8.001,0.1885,8.124,0.249],"tintindex":0,"rotation":0,"texture":"#1"},"up":{"uv":[8.0615,0.4365,8.001,0.3135],"tintindex":0,"rotation":0,"texture":"#1"},"down":{"uv":[8.0615,0.6885,8.001,0.8115],"tintindex":0,"rotation":0,"texture":"#1"}}},{"from":[7.8780785,5.813935,-7.136527],"to":[8.123078,7.3089347,-6.141526],"faces":{"east":{"uv":[6.1885,5.376,6.3115,5.5615],"tintindex":0,"rotation":0,"texture":"#1"},"south":{"uv":[4.6885,7.626,4.749,7.8115],"tintindex":0,"rotation":0,"texture":"#1"},"north":{"uv":[4.5635,7.626,4.624,7.8115],"tintindex":0,"rotation":0,"texture":"#1"},"west":{"uv":[0.626,6.251,0.749,6.4365],"tintindex":0,"rotation":0,"texture":"#1"},"up":{"uv":[2.5615,8.124,2.501,8.001],"tintindex":0,"rotation":0,"texture":"#1"},"down":{"uv":[2.6865,8.001,2.626,8.124],"tintindex":0,"rotation":0,"texture":"#1"}},"rotation":{"origin":[7.991173,7.497986,-3.9068928],"angle":-45.0,"axis":"x"}},{"from":[7.2519045,5.772337,-5.430933],"to":[7.748905,6.2693367,-4.9339333],"faces":{"east":{"uv":[6.5635,8.4385,6.624,8.499],"tintindex":0,"rotation":0,"texture":"#1"},"south":{"uv":[8.4385,6.751,8.499,6.8115],"tintindex":0,"rotation":0,"texture":"#1"},"north":{"uv":[8.4385,6.4385,8.499,6.499],"tintindex":0,"rotation":0,"texture":"#1"},"west":{"uv":[8.4385,6.876,8.499,6.9365],"tintindex":0,"rotation":0,"texture":"#1"},"up":{"uv":[8.499,7.0615,8.4385,7.001],"tintindex":0,"rotation":0,"texture":"#1"},"down":{"uv":[7.249,8.4385,7.1885,8.499],"tintindex":0,"rotation":0,"texture":"#1"}},"rotation":{"origin":[8.0086355,7.497986,-3.9068928],"angle":45.0,"axis":"x"}},{"from":[7.1004047,7.605427,-6.9997845],"to":[7.6004047,8.105427,-5.9997845],"faces":{"east":{"uv":[7.9385,5.6885,8.0615,5.749],"tintindex":0,"rotation":0,"texture":"#1"},"south":{"uv":[5.5635,8.4385,5.624,8.499],"tintindex":0,"rotation":0,"texture":"#1"},"north":{"uv":[8.4385,5.4385,8.499,5.499],"tintindex":0,"rotation":0,"texture":"#1"},"west":{"uv":[7.9385,6.8135,8.0615,6.874],"tintindex":0,"rotation":0,"texture":"#1"},"up":{"uv":[7.6865,8.0615,7.626,7.9385],"tintindex":0,"rotation":0,"texture":"#1"},"down":{"uv":[7.8115,7.9385,7.751,8.0615],"tintindex":0,"rotation":0,"texture":"#1"}}},{"from":[7.8795786,7.1250277,-10.242153],"to":[8.121578,7.6170273,-9.250153],"faces":{"east":{"uv":[1.9385,8.001,2.0615,8.0615],"tintindex":0,"rotation":0,"texture":"#1"},"south":{"uv":[8.5635,1.501,8.624,1.5615],"tintindex":0,"rotation":0,"texture":"#1"},"north":{"uv":[8.5635,1.376,8.624,1.4365],"tintindex":0,"rotation":0,"texture":"#1"},"west":{"uv":[8.001,2.0635,8.124,2.124],"tintindex":0,"rotation":0,"texture":"#1"},"up":{"uv":[8.0615,2.3115,8.001,2.1885],"tintindex":0,"rotation":0,"texture":"#1"},"down":{"uv":[2.3115,8.001,2.251,8.124],"tintindex":0,"rotation":0,"texture":"#1"}},"rotation":{"origin":[7.991173,7.497986,-3.9068928],"angle":-22.5,"axis":"x"}},{"from":[7.8759727,8.836481,-6.290971],"to":[8.125973,9.336481,-5.790971],"faces":{"east":{"uv":[6.251,8.5635,6.3115,8.624],"tintindex":0,"rotation":0,"texture":"#1"},"south":{"uv":[8.5635,6.3135,8.624,6.374],"tintindex":0,"rotation":0,"texture":"#1"},"north":{"uv":[8.5635,6.1885,8.624,6.249],"tintindex":0,"rotation":0,"texture":"#1"},"west":{"uv":[6.376,8.5635,6.4365,8.624],"tintindex":0,"rotation":0,"texture":"#1"},"up":{"uv":[8.624,6.499,8.5635,6.4385],"tintindex":0,"rotation":0,"texture":"#1"},"down":{"uv":[6.5615,8.5635,6.501,8.624],"tintindex":0,"rotation":0,"texture":"#1"}},"rotation":{"origin":[7.9915676,7.497986,-3.9068928],"angle":45.0,"axis":"x"}},{"from":[8.401405,9.054855,-5.3098183],"to":[8.899405,9.406409,-4.9582663],"faces":{"east":{"uv":[3.001,8.501,3.0615,8.5615],"tintindex":0,"rotation":0,"texture":"#1"},"south":{"uv":[8.501,3.001,8.5615,3.0615],"tintindex":0,"rotation":0,"texture":"#1"},"north":{"uv":[8.501,2.876,8.5615,2.9365],"tintindex":0,"rotation":0,"texture":"#1"},"west":{"uv":[3.126,8.501,3.1865,8.5615],"tintindex":0,"rotation":0,"texture":"#1"},"up":{"uv":[8.5615,3.1865,8.501,3.126],"tintindex":0,"rotation":0,"texture":"#1"},"down":{"uv":[8.5615,3.251,8.501,3.3115],"tintindex":0,"rotation":0,"texture":"#1"}},"rotation":{"origin":[8.0086355,7.497986,-3.9068928],"angle":-45.0,"axis":"x"}},{"from":[7.700405,7.5947104,-0.54978466],"to":[8.3004055,8.194711,0.050214767],"faces":{"east":{"uv":[8.501,6.5635,8.5615,6.624],"tintindex":0,"rotation":0,"texture":"#1"},"south":{"uv":[6.6885,8.501,6.749,8.5615],"tintindex":0,"rotation":0,"texture":"#1"},"north":{"uv":[8.501,5.9385,8.5615,5.999],"tintindex":0,"rotation":0,"texture":"#1"},"west":{"uv":[6.8135,8.501,6.874,8.5615],"tintindex":0,"rotation":0,"texture":"#1"},"up":{"uv":[6.999,8.5615,6.9385,8.501],"tintindex":0,"rotation":0,"texture":"#1"},"down":{"uv":[7.124,8.501,7.0635,8.5615],"tintindex":0,"rotation":0,"texture":"#1"}}},{"from":[8.401405,9.761963,-6.016926],"to":[8.899405,10.113516,-5.665373],"faces":{"east":{"uv":[2.001,8.501,2.0615,8.5615],"tintindex":0,"rotation":0,"texture":"#1"},"south":{"uv":[8.501,2.126,8.5615,2.1865],"tintindex":0,"rotation":0,"texture":"#1"},"north":{"uv":[1.876,8.501,1.9365,8.5615],"tintindex":0,"rotation":0,"texture":"#1"},"west":{"uv":[8.501,2.251,8.5615,2.3115],"tintindex":0,"rotation":0,"texture":"#1"},"up":{"uv":[2.4365,8.5615,2.376,8.501],"tintindex":0,"rotation":0,"texture":"#1"},"down":{"uv":[8.5615,2.501,8.501,2.5615],"tintindex":0,"rotation":0,"texture":"#1"}},"rotation":{"origin":[8.0086355,7.497986,-3.9068928],"angle":-45.0,"axis":"x"}},{"from":[8.251905,9.232132,-4.925435],"to":[8.748905,9.729132,-4.4284353],"faces":{"east":{"uv":[8.501,3.626,8.5615,3.6865],"tintindex":0,"rotation":0,"texture":"#1"},"south":{"uv":[8.501,3.751,8.5615,3.8115],"tintindex":0,"rotation":0,"texture":"#1"},"north":{"uv":[8.501,3.376,8.5615,3.4365],"tintindex":0,"rotation":0,"texture":"#1"},"west":{"uv":[8.501,3.876,8.5615,3.9365],"tintindex":0,"rotation":0,"texture":"#1"},"up":{"uv":[4.0615,8.5615,4.001,8.501],"tintindex":0,"rotation":0,"texture":"#1"},"down":{"uv":[8.5615,4.001,8.501,4.0615],"tintindex":0,"rotation":0,"texture":"#1"}},"rotation":{"origin":[8.0086355,7.497986,-3.9068928],"angle":-45.0,"axis":"x"}},{"from":[7.177291,7.8236904,-8.446785],"to":[7.6712914,8.317691,-4.4527855],"faces":{"east":{"uv":[5.876,0.501,6.374,0.5615],"tintindex":0,"rotation":0,"texture":"#1"},"south":{"uv":[8.5635,0.751,8.624,0.8115],"tintindex":0,"rotation":0,"texture":"#1"},"north":{"uv":[8.5635,0.376,8.624,0.4365],"tintindex":0,"rotation":0,"texture":"#1"},"west":{"uv":[5.876,1.4385,6.374,1.499],"tintindex":0,"rotation":0,"texture":"#1"},"up":{"uv":[0.0615,6.3115,0.001,5.8135],"tintindex":0,"rotation":0,"texture":"#1"},"down":{"uv":[0.374,5.8135,0.3135,6.3115],"tintindex":0,"rotation":0,"texture":"#1"}},"rotation":{"origin":[8.0086355,7.497986,-3.9068928],"angle":-45.0,"axis":"z"}},{"from":[8.250404,7.355427,-7.4997845],"to":[8.750404,8.355427,-5.4997845],"faces":{"east":{"uv":[5.8135,1.751,6.0615,1.874],"tintindex":0,"rotation":0,"texture":"#1"},"south":{"uv":[1.126,8.001,1.1865,8.124],"tintindex":0,"rotation":0,"texture":"#1"},"north":{"uv":[1.001,8.001,1.0615,8.124],"tintindex":0,"rotation":0,"texture":"#1"},"west":{"uv":[5.8135,3.626,6.0615,3.749],"tintindex":0,"rotation":0,"texture":"#1"},"up":{"uv":[1.499,7.5615,1.4385,7.3135],"tintindex":0,"rotation":0,"texture":"#1"},"down":{"uv":[1.8115,7.3135,1.751,7.5615],"tintindex":0,"rotation":0,"texture":"#1"}}},{"from":[7.8760786,2.2334204,-4.3992214],"to":[8.125078,2.482421,-3.9002209],"faces":{"east":{"uv":[2.126,8.5635,2.1865,8.624],"tintindex":0,"rotation":0,"texture":"#1"},"south":{"uv":[2.251,8.5635,2.3115,8.624],"tintindex":0,"rotation":0,"texture":"#1"},"north":{"uv":[8.5635,1.9385,8.624,1.999],"tintindex":0,"rotation":0,"texture":"#1"},"west":{"uv":[8.5635,2.376,8.624,2.4365],"tintindex":0,"rotation":0,"texture":"#1"},"up":{"uv":[2.5615,8.624,2.501,8.5635],"tintindex":0,"rotation":0,"texture":"#1"},"down":{"uv":[2.6865,8.5635,2.626,8.624],"tintindex":0,"rotation":0,"texture":"#1"}},"rotation":{"origin":[7.991173,7.497986,-3.9068928],"angle":45.0,"axis":"x"}},{"from":[7.877078,4.859021,-4.8306713],"to":[8.124079,5.3560214,-3.3336716],"faces":{"east":{"uv":[7.626,6.251,7.8115,6.3115],"tintindex":0,"rotation":0,"texture":"#1"},"south":{"uv":[3.751,8.5635,3.8115,8.624],"tintindex":0,"rotation":0,"texture":"#1"},"north":{"uv":[3.626,8.5635,3.6865,8.624],"tintindex":0,"rotation":0,"texture":"#1"},"west":{"uv":[7.626,6.6885,7.8115,6.749],"tintindex":0,"rotation":0,"texture":"#1"},"up":{"uv":[7.6865,6.999,7.626,6.8135],"tintindex":0,"rotation":0,"texture":"#1"},"down":{"uv":[7.6865,7.0635,7.626,7.249],"tintindex":0,"rotation":0,"texture":"#1"}},"rotation":{"origin":[7.991173,7.497986,-3.9068928],"angle":-22.5,"axis":"x"}},{"from":[7.7671742,7.6697106,-3.9747849],"to":[8.217175,8.119711,-2.524784],"faces":{"east":{"uv":[7.5635,2.376,7.749,2.4365],"tintindex":0,"rotation":0,"texture":"#1"},"south":{"uv":[8.4385,0.751,8.499,0.8115],"tintindex":0,"rotation":0,"texture":"#1"},"north":{"uv":[8.4385,0.376,8.499,0.4365],"tintindex":0,"rotation":0,"texture":"#1"},"west":{"uv":[7.5635,3.626,7.749,3.6865],"tintindex":0,"rotation":0,"texture":"#1"},"up":{"uv":[7.624,6.0615,7.5635,5.876],"tintindex":0,"rotation":0,"texture":"#1"},"down":{"uv":[7.624,6.4385,7.5635,6.624],"tintindex":0,"rotation":0,"texture":"#1"}}},{"from":[7.700405,7.5947104,-4.4997854],"to":[8.3004055,8.194711,-3.899785],"faces":{"east":{"uv":[8.501,7.251,8.5615,7.3115],"tintindex":0,"rotation":0,"texture":"#1"},"south":{"uv":[8.501,7.376,8.5615,7.4365],"tintindex":0,"rotation":0,"texture":"#1"},"north":{"uv":[8.501,7.126,8.5615,7.1865],"tintindex":0,"rotation":0,"texture":"#1"},"west":{"uv":[7.4385,8.501,7.499,8.5615],"tintindex":0,"rotation":0,"texture":"#1"},"up":{"uv":[7.624,8.5615,7.5635,8.501],"tintindex":0,"rotation":0,"texture":"#1"},"down":{"uv":[7.749,8.501,7.6885,8.5615],"tintindex":0,"rotation":0,"texture":"#1"}}},{"from":[7.177291,7.4681625,-8.446785],"to":[7.6712914,7.962163,-4.4527855],"faces":{"east":{"uv":[5.876,2.251,6.374,2.3115],"tintindex":0,"rotation":0,"texture":"#1"},"south":{"uv":[1.001,8.5635,1.0615,8.624],"tintindex":0,"rotation":0,"texture":"#1"},"north":{"uv":[8.5635,0.876,8.624,0.9365],"tintindex":0,"rotation":0,"texture":"#1"},"west":{"uv":[5.876,2.5635,6.374,2.624],"tintindex":0,"rotation":0,"texture":"#1"},"up":{"uv":[1.0615,6.3115,1.001,5.8135],"tintindex":0,"rotation":0,"texture":"#1"},"down":{"uv":[2.124,5.8135,2.0635,6.3115],"tintindex":0,"rotation":0,"texture":"#1"}},"rotation":{"origin":[8.0086355,8.287868,-3.9068928],"angle":45.0,"axis":"z"}},{"from":[8.251905,5.772337,-5.430933],"to":[8.748905,6.2693367,-4.9339333],"faces":{"east":{"uv":[8.501,4.4385,8.5615,4.499],"tintindex":0,"rotation":0,"texture":"#1"},"south":{"uv":[8.501,4.5635,8.5615,4.624],"tintindex":0,"rotation":0,"texture":"#1"},"north":{"uv":[8.501,4.126,8.5615,4.1865],"tintindex":0,"rotation":0,"texture":"#1"},"west":{"uv":[4.751,8.501,4.8115,8.5615],"tintindex":0,"rotation":0,"texture":"#1"},"up":{"uv":[4.9365,8.5615,4.876,8.501],"tintindex":0,"rotation":0,"texture":"#1"},"down":{"uv":[8.5615,4.876,8.501,4.9365],"tintindex":0,"rotation":0,"texture":"#1"}},"rotation":{"origin":[8.0086355,7.497986,-3.9068928],"angle":45.0,"axis":"x"}},{"from":[7.8815784,6.1987166,-6.8678617],"to":[8.119578,6.6867166,-5.379861],"faces":{"east":{"uv":[7.626,4.8135,7.8115,4.874],"tintindex":0,"rotation":0,"texture":"#1"},"south":{"uv":[8.5635,3.501,8.624,3.5615],"tintindex":0,"rotation":0,"texture":"#1"},"north":{"uv":[3.501,8.5635,3.5615,8.624],"tintindex":0,"rotation":0,"texture":"#1"},"west":{"uv":[5.3135,7.626,5.499,7.6865],"tintindex":0,"rotation":0,"texture":"#1"},"up":{"uv":[7.6865,5.8115,7.626,5.626],"tintindex":0,"rotation":0,"texture":"#1"},"down":{"uv":[5.874,7.626,5.8135,7.8115],"tintindex":0,"rotation":0,"texture":"#1"}},"rotation":{"origin":[7.991173,7.497986,-3.9068928],"angle":-45.0,"axis":"x"}},{"from":[7.8760786,5.6932163,-6.8733616],"to":[8.125078,6.192217,-5.374361],"faces":{"east":{"uv":[7.626,3.751,7.8115,3.8115],"tintindex":0,"rotation":0,"texture":"#1"},"south":{"uv":[3.376,8.5635,3.4365,8.624],"tintindex":0,"rotation":0,"texture":"#1"},"north":{"uv":[3.251,8.5635,3.3115,8.624],"tintindex":0,"rotation":0,"texture":"#1"},"west":{"uv":[4.8135,7.626,4.999,7.6865],"tintindex":0,"rotation":0,"texture":"#1"},"up":{"uv":[5.124,7.8115,5.0635,7.626],"tintindex":0,"rotation":0,"texture":"#1"},"down":{"uv":[5.249,7.626,5.1885,7.8115],"tintindex":0,"rotation":0,"texture":"#1"}},"rotation":{"origin":[7.991173,7.497986,-3.9068928],"angle":-45.0,"axis":"x"}},{"from":[7.8759727,8.190903,-7.4997845],"to":[8.125973,10.190903,-5.4997845],"faces":{"east":{"uv":[1.6885,4.8135,1.9365,5.0615],"tintindex":0,"rotation":0,"texture":"#1"},"south":{"uv":[5.0635,7.3135,5.124,7.5615],"tintindex":0,"rotation":0,"texture":"#1"},"north":{"uv":[4.9385,7.3135,4.999,7.5615],"tintindex":0,"rotation":0,"texture":"#1"},"west":{"uv":[2.001,4.8135,2.249,5.0615],"tintindex":0,"rotation":0,"texture":"#1"},"up":{"uv":[5.249,7.5615,5.1885,7.3135],"tintindex":0,"rotation":0,"texture":"#1"},"down":{"uv":[5.374,7.3135,5.3135,7.5615],"tintindex":0,"rotation":0,"texture":"#1"}}},{"from":[7.750405,-4.4266186,8.078764],"to":[8.250404,-3.9266186,9.578764],"faces":{"east":{"uv":[7.5635,6.126,7.749,6.1865],"tintindex":0,"rotation":0,"texture":"#1"},"south":{"uv":[8.4385,2.376,8.499,2.4365],"tintindex":0,"rotation":0,"texture":"#1"},"north":{"uv":[2.251,8.4385,2.3115,8.499],"tintindex":0,"rotation":0,"texture":"#1"},"west":{"uv":[7.3135,7.5635,7.499,7.624],"tintindex":0,"rotation":0,"texture":"#1"},"up":{"uv":[7.624,7.749,7.5635,7.5635],"tintindex":0,"rotation":0,"texture":"#1"},"down":{"uv":[0.3115,7.626,0.251,7.8115],"tintindex":0,"rotation":0,"texture":"#1"}},"rotation":{"origin":[8.0086355,7.497986,-3.9068928],"angle":-45.0,"axis":"x"}},{"from":[7.8759727,10.190903,-6.9997845],"to":[8.125973,11.190903,-4.9997845],"faces":{"east":{"uv":[5.9385,1.9385,6.1865,2.0615],"tintindex":0,"rotation":0,"texture":"#1"},"south":{"uv":[8.001,4.626,8.0615,4.749],"tintindex":0,"rotation":0,"texture":"#1"},"north":{"uv":[3.6885,8.001,3.749,8.124],"tintindex":0,"rotation":0,"texture":"#1"},"west":{"uv":[5.9385,4.8135,6.1865,4.9365],"tintindex":0,"rotation":0,"texture":"#1"},"up":{"uv":[7.374,5.624,7.3135,5.376],"tintindex":0,"rotation":0,"texture":"#1"},"down":{"uv":[5.499,7.3135,5.4385,7.5615],"tintindex":0,"rotation":0,"texture":"#1"}}},{"from":[7.8805785,9.541824,-9.712666],"to":[8.120579,10.031824,-8.222668],"faces":{"east":{"uv":[7.626,0.876,7.8115,0.9365],"tintindex":0,"rotation":0,"texture":"#1"},"south":{"uv":[8.5635,1.626,8.624,1.6865],"tintindex":0,"rotation":0,"texture":"#1"},"north":{"uv":[1.626,8.5635,1.6865,8.624],"tintindex":0,"rotation":0,"texture":"#1"},"west":{"uv":[7.626,1.4385,7.8115,1.499],"tintindex":0,"rotation":0,"texture":"#1"},"up":{"uv":[4.249,7.8115,4.1885,7.626],"tintindex":0,"rotation":0,"texture":"#1"},"down":{"uv":[4.499,7.626,4.4385,7.8115],"tintindex":0,"rotation":0,"texture":"#1"}},"rotation":{"origin":[7.991173,7.497986,-3.9068928],"angle":-45.0,"axis":"x"}},{"from":[7.8755784,5.019951,-7.4997845],"to":[8.125578,7.519951,-5.4997845],"faces":{"east":{"uv":[2.001,3.8135,2.249,4.124],"tintindex":0,"rotation":0,"texture":"#1"},"south":{"uv":[6.6885,1.126,6.749,1.4365],"tintindex":0,"rotation":0,"texture":"#1"},"north":{"uv":[1.126,6.6885,1.1865,6.999],"tintindex":0,"rotation":0,"texture":"#1"},"west":{"uv":[3.8135,2.9385,4.0615,3.249],"tintindex":0,"rotation":0,"texture":"#1"},"up":{"uv":[4.749,7.5615,4.6885,7.3135],"tintindex":0,"rotation":0,"texture":"#1"},"down":{"uv":[4.874,7.3135,4.8135,7.5615],"tintindex":0,"rotation":0,"texture":"#1"}}},{"from":[7.876473,8.998592,-7.7324123],"to":[8.125473,9.247593,-7.233412],"faces":{"east":{"uv":[8.5635,4.6885,8.624,4.749],"tintindex":0,"rotation":0,"texture":"#1"},"south":{"uv":[5.001,8.5635,5.0615,8.624],"tintindex":0,"rotation":0,"texture":"#1"},"north":{"uv":[4.626,8.5635,4.6865,8.624],"tintindex":0,"rotation":0,"texture":"#1"},"west":{"uv":[5.126,8.5635,5.1865,8.624],"tintindex":0,"rotation":0,"texture":"#1"},"up":{"uv":[8.624,5.4365,8.5635,5.376],"tintindex":0,"rotation":0,"texture":"#1"},"down":{"uv":[5.5615,8.5635,5.501,8.624],"tintindex":0,"rotation":0,"texture":"#1"}},"rotation":{"origin":[7.9915676,7.497986,-3.9068928],"angle":45.0,"axis":"x"}},{"from":[7.8805785,5.3046436,-6.9787807],"to":[8.120579,7.2946434,-5.988781],"faces":{"east":{"uv":[3.1885,5.8135,3.3115,6.0615],"tintindex":0,"rotation":0,"texture":"#1"},"south":{"uv":[2.126,7.3135,2.1865,7.5615],"tintindex":0,"rotation":0,"texture":"#1"},"north":{"uv":[7.3135,1.876,7.374,2.124],"tintindex":0,"rotation":0,"texture":"#1"},"west":{"uv":[5.9385,1.126,6.0615,1.374],"tintindex":0,"rotation":0,"texture":"#1"},"up":{"uv":[8.0615,1.3115,8.001,1.1885],"tintindex":0,"rotation":0,"texture":"#1"},"down":{"uv":[1.3115,8.001,1.251,8.124],"tintindex":0,"rotation":0,"texture":"#1"}},"rotation":{"origin":[7.991173,7.497986,-3.9068928],"angle":-22.5,"axis":"x"}},{"from":[7.2519045,4.8575177,-6.3457527],"to":[7.748905,5.3545175,-5.848753],"faces":{"east":{"uv":[8.4385,7.5635,8.499,7.624],"tintindex":0,"rotation":0,"texture":"#1"},"south":{"uv":[7.9385,8.4385,7.999,8.499],"tintindex":0,"rotation":0,"texture":"#1"},"north":{"uv":[7.3135,8.4385,7.374,8.499],"tintindex":0,"rotation":0,"texture":"#1"},"west":{"uv":[8.0635,8.4385,8.124,8.499],"tintindex":0,"rotation":0,"texture":"#1"},"up":{"uv":[8.499,8.1865,8.4385,8.126],"tintindex":0,"rotation":0,"texture":"#1"},"down":{"uv":[8.249,8.4385,8.1885,8.499],"tintindex":0,"rotation":0,"texture":"#1"}},"rotation":{"origin":[8.0086355,7.497986,-3.9068928],"angle":45.0,"axis":"x"}},{"from":[7.7534046,4.3924265,-7.5735054],"to":[8.247405,4.7399797,-7.225953],"faces":{"east":{"uv":[8.501,7.9385,8.5615,7.999],"tintindex":0,"rotation":0,"texture":"#1"},"south":{"uv":[8.4385,8.501,8.499,8.5615],"tintindex":0,"rotation":0,"texture":"#1"},"north":{"uv":[8.501,7.8135,8.5615,7.874],"tintindex":0,"rotation":0,"texture":"#1"},"west":{"uv":[0.001,8.5635,0.0615,8.624],"tintindex":0,"rotation":0,"texture":"#1"},"up":{"uv":[8.624,0.0615,8.5635,0.001],"tintindex":0,"rotation":0,"texture":"#1"},"down":{"uv":[8.624,0.126,8.5635,0.1865],"tintindex":0,"rotation":0,"texture":"#1"}},"rotation":{"origin":[8.0086355,7.497986,-3.9068928],"angle":45.0,"axis":"x"}},{"from":[7.1014047,9.761963,-6.016926],"to":[7.599405,10.113516,-5.665373],"faces":{"east":{"uv":[4.501,8.4385,4.5615,8.499],"tintindex":0,"rotation":0,"texture":"#1"},"south":{"uv":[4.626,8.4385,4.6865,8.499],"tintindex":0,"rotation":0,"texture":"#1"},"north":{"uv":[4.376,8.4385,4.4365,8.499],"tintindex":0,"rotation":0,"texture":"#1"},"west":{"uv":[8.4385,4.751,8.499,4.8115],"tintindex":0,"rotation":0,"texture":"#1"},"up":{"uv":[5.0615,8.499,5.001,8.4385],"tintindex":0,"rotation":0,"texture":"#1"},"down":{"uv":[5.1865,8.4385,5.126,8.499],"tintindex":0,"rotation":0,"texture":"#1"}},"rotation":{"origin":[8.0086355,7.497986,-3.9068928],"angle":-45.0,"axis":"x"}},{"from":[7.6421742,-0.81430817,4.2664537],"to":[8.342175,-0.1143074,4.9664536],"faces":{"east":{"uv":[1.001,8.4385,1.0615,8.499],"tintindex":0,"rotation":0,"texture":"#1"},"south":{"uv":[1.126,8.4385,1.1865,8.499],"tintindex":0,"rotation":0,"texture":"#1"},"north":{"uv":[8.4385,0.876,8.499,0.9365],"tintindex":0,"rotation":0,"texture":"#1"},"west":{"uv":[1.251,8.4385,1.3115,8.499],"tintindex":0,"rotation":0,"texture":"#1"},"up":{"uv":[8.499,1.374,8.4385,1.3135],"tintindex":0,"rotation":0,"texture":"#1"},"down":{"uv":[1.4365,8.4385,1.376,8.499],"tintindex":0,"rotation":0,"texture":"#1"}},"rotation":{"origin":[8.000404,7.497986,-3.9068928],"angle":-45.0,"axis":"x"}},{"from":[7.750405,-4.9266186,8.078764],"to":[8.250404,-4.4266186,8.578764],"faces":{"east":{"uv":[2.876,8.4385,2.9365,8.499],"tintindex":0,"rotation":0,"texture":"#1"},"south":{"uv":[3.251,8.4385,3.3115,8.499],"tintindex":0,"rotation":0,"texture":"#1"},"north":{"uv":[2.751,8.4385,2.8115,8.499],"tintindex":0,"rotation":0,"texture":"#1"},"west":{"uv":[3.376,8.4385,3.4365,8.499],"tintindex":0,"rotation":0,"texture":"#1"},"up":{"uv":[3.5615,8.499,3.501,8.4385],"tintindex":0,"rotation":0,"texture":"#1"},"down":{"uv":[8.499,3.501,8.4385,3.5615],"tintindex":0,"rotation":0,"texture":"#1"}},"rotation":{"origin":[8.0086355,7.497986,-3.9068928],"angle":-45.0,"axis":"x"}},{"from":[7.8805785,4.35094,-5.0253477],"to":[8.120579,5.84094,-3.035348],"faces":{"east":{"uv":[2.876,5.251,3.124,5.4365],"tintindex":0,"rotation":0,"texture":"#1"},"south":{"uv":[6.3135,7.626,6.374,7.8115],"tintindex":0,"rotation":0,"texture":"#1"},"north":{"uv":[5.9385,7.626,5.999,7.8115],"tintindex":0,"rotation":0,"texture":"#1"},"west":{"uv":[5.251,4.1885,5.499,4.374],"tintindex":0,"rotation":0,"texture":"#1"},"up":{"uv":[4.499,7.5615,4.4385,7.3135],"tintindex":0,"rotation":0,"texture":"#1"},"down":{"uv":[4.624,7.3135,4.5635,7.5615],"tintindex":0,"rotation":0,"texture":"#1"}},"rotation":{"origin":[7.991173,7.497986,-3.9068928],"angle":22.5,"axis":"x"}},{"from":[8.251905,4.8575177,-6.3457527],"to":[8.748905,5.3545175,-5.848753],"faces":{"east":{"uv":[0.501,8.501,0.5615,8.5615],"tintindex":0,"rotation":0,"texture":"#1"},"south":{"uv":[8.501,0.501,8.5615,0.5615],"tintindex":0,"rotation":0,"texture":"#1"},"north":{"uv":[0.376,8.501,0.4365,8.5615],"tintindex":0,"rotation":0,"texture":"#1"},"west":{"uv":[0.626,8.501,0.6865,8.5615],"tintindex":0,"rotation":0,"texture":"#1"},"up":{"uv":[8.5615,0.6865,8.501,0.626],"tintindex":0,"rotation":0,"texture":"#1"},"down":{"uv":[0.8115,8.501,0.751,8.5615],"tintindex":0,"rotation":0,"texture":"#1"}},"rotation":{"origin":[8.0086355,7.497986,-3.9068928],"angle":45.0,"axis":"x"}},{"from":[7.650405,4.918322,-2.0217323],"to":[8.350405,6.118322,-0.82173157],"faces":{"east":{"uv":[7.251,4.376,7.374,4.499],"tintindex":0,"rotation":0,"texture":"#1"},"south":{"uv":[5.4385,7.9385,5.499,8.0615],"tintindex":0,"rotation":0,"texture":"#1"},"north":{"uv":[5.3135,7.9385,5.374,8.0615],"tintindex":0,"rotation":0,"texture":"#1"},"west":{"uv":[6.6885,7.251,6.8115,7.374],"tintindex":0,"rotation":0,"texture":"#1"},"up":{"uv":[7.999,5.624,7.9385,5.501],"tintindex":0,"rotation":0,"texture":"#1"},"down":{"uv":[7.999,6.376,7.9385,6.499],"tintindex":0,"rotation":0,"texture":"#1"}},"rotation":{"origin":[8.0086355,7.497986,-3.9068928],"angle":-45.0,"axis":"x"}},{"from":[7.750405,-4.9266186,9.078764],"to":[8.250404,-4.4266186,9.578764],"faces":{"east":{"uv":[3.751,8.4385,3.8115,8.499],"tintindex":0,"rotation":0,"texture":"#1"},"south":{"uv":[3.876,8.4385,3.9365,8.499],"tintindex":0,"rotation":0,"texture":"#1"},"north":{"uv":[3.626,8.4385,3.6865,8.499],"tintindex":0,"rotation":0,"texture":"#1"},"west":{"uv":[4.126,8.4385,4.1865,8.499],"tintindex":0,"rotation":0,"texture":"#1"},"up":{"uv":[4.3115,8.499,4.251,8.4385],"tintindex":0,"rotation":0,"texture":"#1"},"down":{"uv":[8.499,4.3135,8.4385,4.374],"tintindex":0,"rotation":0,"texture":"#1"}},"rotation":{"origin":[8.0086355,7.497986,-3.9068928],"angle":-45.0,"axis":"x"}},{"from":[7.1014047,9.054855,-5.3098183],"to":[7.599405,9.406409,-4.9582663],"faces":{"east":{"uv":[8.4385,5.6885,8.499,5.749],"tintindex":0,"rotation":0,"texture":"#1"},"south":{"uv":[5.8135,8.4385,5.874,8.499],"tintindex":0,"rotation":0,"texture":"#1"},"north":{"uv":[5.6885,8.4385,5.749,8.499],"tintindex":0,"rotation":0,"texture":"#1"},"west":{"uv":[8.4385,5.8135,8.499,5.874],"tintindex":0,"rotation":0,"texture":"#1"},"up":{"uv":[5.999,8.499,5.9385,8.4385],"tintindex":0,"rotation":0,"texture":"#1"},"down":{"uv":[6.124,8.4385,6.0635,8.499],"tintindex":0,"rotation":0,"texture":"#1"}},"rotation":{"origin":[8.0086355,7.497986,-3.9068928],"angle":-45.0,"axis":"x"}},{"from":[7.2519045,9.232132,-4.925435],"to":[7.748905,9.729132,-4.4284353],"faces":{"east":{"uv":[6.1885,8.4385,6.249,8.499],"tintindex":0,"rotation":0,"texture":"#1"},"south":{"uv":[8.4385,6.1885,8.499,6.249],"tintindex":0,"rotation":0,"texture":"#1"},"north":{"uv":[8.4385,6.0635,8.499,6.124],"tintindex":0,"rotation":0,"texture":"#1"},"west":{"uv":[6.3135,8.4385,6.374,8.499],"tintindex":0,"rotation":0,"texture":"#1"},"up":{"uv":[8.499,6.374,8.4385,6.3135],"tintindex":0,"rotation":0,"texture":"#1"},"down":{"uv":[6.499,8.4385,6.4385,8.499],"tintindex":0,"rotation":0,"texture":"#1"}},"rotation":{"origin":[8.0086355,7.497986,-3.9068928],"angle":-45.0,"axis":"x"}},{"from":[7.8795786,2.148532,-5.3376627],"to":[8.121578,3.640532,-4.345662],"faces":{"east":{"uv":[4.126,6.1885,4.249,6.374],"tintindex":0,"rotation":0,"texture":"#1"},"south":{"uv":[2.5635,7.626,2.624,7.8115],"tintindex":0,"rotation":0,"texture":"#1"},"north":{"uv":[2.126,7.626,2.1865,7.8115],"tintindex":0,"rotation":0,"texture":"#1"},"west":{"uv":[4.3135,6.1885,4.4365,6.374],"tintindex":0,"rotation":0,"texture":"#1"},"up":{"uv":[1.6865,8.124,1.626,8.001],"tintindex":0,"rotation":0,"texture":"#1"},"down":{"uv":[8.0615,1.876,8.001,1.999],"tintindex":0,"rotation":0,"texture":"#1"}},"rotation":{"origin":[7.991173,7.497986,-3.9068928],"angle":45.0,"axis":"x"}},{"from":[7.750405,-5.4266186,8.078764],"to":[8.250404,-4.9266186,9.578764],"faces":{"east":{"uv":[0.501,7.626,0.6865,7.6865],"tintindex":0,"rotation":0,"texture":"#1"},"south":{"uv":[2.626,8.4385,2.6865,8.499],"tintindex":0,"rotation":0,"texture":"#1"},"north":{"uv":[2.501,8.4385,2.5615,8.499],"tintindex":0,"rotation":0,"texture":"#1"},"west":{"uv":[0.751,7.626,0.9365,7.6865],"tintindex":0,"rotation":0,"texture":"#1"},"up":{"uv":[1.0615,7.8115,1.001,7.626],"tintindex":0,"rotation":0,"texture":"#1"},"down":{"uv":[1.1865,7.626,1.126,7.8115],"tintindex":0,"rotation":0,"texture":"#1"}},"rotation":{"origin":[8.0086355,7.497986,-3.9068928],"angle":-45.0,"axis":"x"}},{"from":[7.8759727,11.190903,-6.6247845],"to":[8.125973,11.440903,-5.3747845],"faces":{"east":{"uv":[7.626,7.3135,7.8115,7.374],"tintindex":0,"rotation":0,"texture":"#1"},"south":{"uv":[4.501,8.5635,4.5615,8.624],"tintindex":0,"rotation":0,"texture":"#1"},"north":{"uv":[4.376,8.5635,4.4365,8.624],"tintindex":0,"rotation":0,"texture":"#1"},"west":{"uv":[7.626,7.4385,7.8115,7.499],"tintindex":0,"rotation":0,"texture":"#1"},"up":{"uv":[7.749,0.1865,7.6885,0.001],"tintindex":0,"rotation":0,"texture":"#1"},"down":{"uv":[7.749,1.001,7.6885,1.1865],"tintindex":0,"rotation":0,"texture":"#1"}}},{"from":[7.8639727,9.168269,-5.4436455],"to":[8.131723,9.917269,-4.694645],"faces":{"east":{"uv":[8.001,6.0635,8.0615,6.1865],"tintindex":0,"rotation":0,"texture":"#1"},"south":{"uv":[6.1885,8.001,6.249,8.124],"tintindex":0,"rotation":0,"texture":"#1"},"north":{"uv":[6.0635,8.001,6.124,8.124],"tintindex":0,"rotation":0,"texture":"#1"},"west":{"uv":[6.3135,8.001,6.374,8.124],"tintindex":0,"rotation":0,"texture":"#1"},"up":{"uv":[8.624,6.124,8.5635,6.0635],"tintindex":0,"rotation":0,"texture":"#1"},"down":{"uv":[6.1865,8.5635,6.126,8.624],"tintindex":0,"rotation":0,"texture":"#1"}},"rotation":{"origin":[7.9915676,7.497986,-3.9068928],"angle":22.5,"axis":"x"}},{"from":[7.8760786,5.1932163,-6.8733616],"to":[8.125078,5.692217,-4.874361],"faces":{"east":{"uv":[7.251,3.126,7.499,3.1865],"tintindex":0,"rotation":0,"texture":"#1"},"south":{"uv":[2.876,8.5635,2.9365,8.624],"tintindex":0,"rotation":0,"texture":"#1"},"north":{"uv":[2.751,8.5635,2.8115,8.624],"tintindex":0,"rotation":0,"texture":"#1"},"west":{"uv":[7.3135,1.501,7.5615,1.5615],"tintindex":0,"rotation":0,"texture":"#1"},"up":{"uv":[3.749,7.5615,3.6885,7.3135],"tintindex":0,"rotation":0,"texture":"#1"},"down":{"uv":[3.874,7.3135,3.8135,7.5615],"tintindex":0,"rotation":0,"texture":"#1"}},"rotation":{"origin":[7.991173,7.497986,-3.9068928],"angle":-45.0,"axis":"x"}},{"from":[7.8805785,3.3201303,-6.616044],"to":[8.120579,4.81013,-6.5010443],"faces":{"east":{"uv":[1.376,7.626,1.4365,7.8115],"tintindex":0,"rotation":0,"texture":"#1"},"south":{"uv":[1.6885,7.626,1.749,7.8115],"tintindex":0,"rotation":0,"texture":"#1"},"north":{"uv":[1.251,7.626,1.3115,7.8115],"tintindex":0,"rotation":0,"texture":"#1"},"west":{"uv":[2.001,7.626,2.0615,7.8115],"tintindex":0,"rotation":0,"texture":"#1"},"up":{"uv":[1.1865,8.624,1.126,8.5635],"tintindex":0,"rotation":0,"texture":"#1"},"down":{"uv":[1.3115,8.5635,1.251,8.624],"tintindex":0,"rotation":0,"texture":"#1"}},"rotation":{"origin":[7.991173,7.497986,-3.9068928],"angle":22.5,"axis":"x"}},{"from":[7.876473,11.958388,-3.5401688],"to":[8.125473,12.207388,-3.0411701],"faces":{"east":{"uv":[8.5635,5.6885,8.624,5.749],"tintindex":0,"rotation":0,"texture":"#1"},"south":{"uv":[5.751,8.5635,5.8115,8.624],"tintindex":0,"rotation":0,"texture":"#1"},"north":{"uv":[5.626,8.5635,5.6865,8.624],"tintindex":0,"rotation":0,"texture":"#1"},"west":{"uv":[8.5635,5.8135,8.624,5.874],"tintindex":0,"rotation":0,"texture":"#1"},"up":{"uv":[5.9365,8.624,5.876,8.5635],"tintindex":0,"rotation":0,"texture":"#1"},"down":{"uv":[6.0615,8.5635,6.001,8.624],"tintindex":0,"rotation":0,"texture":"#1"}},"rotation":{"origin":[7.9915676,7.497986,-3.9068928],"angle":-45.0,"axis":"x"}},{"from":[7.2519045,10.146952,-5.840255],"to":[7.748905,10.643951,-5.343255],"faces":{"east":{"uv":[8.3135,8.4385,8.374,8.499],"tintindex":0,"rotation":0,"texture":"#1"},"south":{"uv":[8.4385,8.376,8.499,8.4365],"tintindex":0,"rotation":0,"texture":"#1"},"north":{"uv":[8.4385,8.251,8.499,8.3115],"tintindex":0,"rotation":0,"texture":"#1"},"west":{"uv":[0.126,8.501,0.1865,8.5615],"tintindex":0,"rotation":0,"texture":"#1"},"up":{"uv":[0.3115,8.5615,0.251,8.501],"tintindex":0,"rotation":0,"texture":"#1"},"down":{"uv":[8.5615,0.251,8.501,0.3115],"tintindex":0,"rotation":0,"texture":"#1"}},"rotation":{"origin":[8.0086355,7.497986,-3.9068928],"angle":-45.0,"axis":"x"}},{"from":[7.8755784,3.7699509,-7.6247845],"to":[8.125578,4.019951,-4.3747845],"faces":{"east":{"uv":[5.876,2.6885,6.3115,2.749],"tintindex":0,"rotation":0,"texture":"#1"},"south":{"uv":[8.5635,4.251,8.624,4.3115],"tintindex":0,"rotation":0,"texture":"#1"},"north":{"uv":[4.251,8.5635,4.3115,8.624],"tintindex":0,"rotation":0,"texture":"#1"},"west":{"uv":[5.9385,0.251,6.374,0.3115],"tintindex":0,"rotation":0,"texture":"#1"},"up":{"uv":[5.6865,6.374,5.626,5.9385],"tintindex":0,"rotation":0,"texture":"#1"},"down":{"uv":[5.8115,5.9385,5.751,6.374],"tintindex":0,"rotation":0,"texture":"#1"}}},{"from":[7.250405,7.355427,-7.4997845],"to":[7.750405,8.355427,-5.4997845],"faces":{"east":{"uv":[5.751,5.126,5.999,5.249],"tintindex":0,"rotation":0,"texture":"#1"},"south":{"uv":[0.001,8.001,0.0615,8.124],"tintindex":0,"rotation":0,"texture":"#1"},"north":{"uv":[7.876,7.9385,7.9365,8.0615],"tintindex":0,"rotation":0,"texture":"#1"},"west":{"uv":[5.626,5.751,5.874,5.874],"tintindex":0,"rotation":0,"texture":"#1"},"up":{"uv":[2.374,7.499,2.3135,7.251],"tintindex":0,"rotation":0,"texture":"#1"},"down":{"uv":[7.3115,7.126,7.251,7.374],"tintindex":0,"rotation":0,"texture":"#1"}}},{"from":[7.880973,7.899853,-7.0610123],"to":[8.120973,9.889853,-6.0710125],"faces":{"east":{"uv":[1.3135,5.9385,1.4365,6.1865],"tintindex":0,"rotation":0,"texture":"#1"},"south":{"uv":[7.3135,5.876,7.374,6.124],"tintindex":0,"rotation":0,"texture":"#1"},"north":{"uv":[5.8135,7.3135,5.874,7.5615],"tintindex":0,"rotation":0,"texture":"#1"},"west":{"uv":[4.876,5.9385,4.999,6.1865],"tintindex":0,"rotation":0,"texture":"#1"},"up":{"uv":[6.499,8.124,6.4385,8.001],"tintindex":0,"rotation":0,"texture":"#1"},"down":{"uv":[6.624,8.001,6.5635,8.124],"tintindex":0,"rotation":0,"texture":"#1"}},"rotation":{"origin":[7.9915676,7.497986,-3.9068928],"angle":22.5,"axis":"x"}},{"from":[7.873578,4.017951,-8.001785],"to":[8.127579,5.0219507,-4.4977846],"faces":{"east":{"uv":[4.9385,4.6885,5.374,4.8115],"tintindex":0,"rotation":0,"texture":"#1"},"south":{"uv":[8.001,3.0635,8.0615,3.1865],"tintindex":0,"rotation":0,"texture":"#1"},"north":{"uv":[2.751,8.001,2.8115,8.124],"tintindex":0,"rotation":0,"texture":"#1"},"west":{"uv":[4.9385,4.876,5.374,4.999],"tintindex":0,"rotation":0,"texture":"#1"},"up":{"uv":[5.999,6.1865,5.9385,5.751],"tintindex":0,"rotation":0,"texture":"#1"},"down":{"uv":[1.999,6.001,1.9385,6.4365],"tintindex":0,"rotation":0,"texture":"#1"}}},{"from":[7.8780785,3.1024556,-7.7728596],"to":[8.123078,4.5974555,-6.2778587],"faces":{"east":{"uv":[5.376,0.001,5.5615,0.1865],"tintindex":0,"rotation":0,"texture":"#1"},"south":{"uv":[2.8135,7.626,2.874,7.8115],"tintindex":0,"rotation":0,"texture":"#1"},"north":{"uv":[2.6885,7.626,2.749,7.8115],"tintindex":0,"rotation":0,"texture":"#1"},"west":{"uv":[5.376,2.8135,5.5615,2.999],"tintindex":0,"rotation":0,"texture":"#1"},"up":{"uv":[3.749,7.8115,3.6885,7.626],"tintindex":0,"rotation":0,"texture":"#1"},"down":{"uv":[3.874,7.626,3.8135,7.8115],"tintindex":0,"rotation":0,"texture":"#1"}},"rotation":{"origin":[7.991173,7.497986,-3.9068928],"angle":22.5,"axis":"x"}},{"from":[7.8784733,7.838981,-7.288471],"to":[8.123472,9.3339815,-6.2934704],"faces":{"east":{"uv":[1.3135,6.251,1.4365,6.4365],"tintindex":0,"rotation":0,"texture":"#1"},"south":{"uv":[7.6885,2.126,7.749,2.3115],"tintindex":0,"rotation":0,"texture":"#1"},"north":{"uv":[7.6885,1.876,7.749,2.0615],"tintindex":0,"rotation":0,"texture":"#1"},"west":{"uv":[1.626,6.251,1.749,6.4365],"tintindex":0,"rotation":0,"texture":"#1"},"up":{"uv":[8.0615,5.0615,8.001,4.9385],"tintindex":0,"rotation":0,"texture":"#1"},"down":{"uv":[8.0615,5.126,8.001,5.249],"tintindex":0,"rotation":0,"texture":"#1"}},"rotation":{"origin":[7.9915676,7.497986,-3.9068928],"angle":45.0,"axis":"x"}},{"from":[7.7671742,7.6697106,-2.9747849],"to":[8.217175,8.119711,12.975216],"faces":{"east":{"uv":[2.8135,1.376,4.8115,1.4365],"tintindex":0,"rotation":0,"texture":"#1"},"south":{"uv":[8.4385,0.126,8.499,0.1865],"tintindex":0,"rotation":0,"texture":"#1"},"north":{"uv":[8.4385,0.001,8.499,0.0615],"tintindex":0,"rotation":0,"texture":"#1"},"west":{"uv":[2.8135,1.501,4.8115,1.5615],"tintindex":0,"rotation":0,"texture":"#1"},"up":{"uv":[2.9365,4.749,2.876,2.751],"tintindex":0,"rotation":0,"texture":"#1"},"down":{"uv":[0.374,3.001,0.3135,4.999],"tintindex":0,"rotation":0,"texture":"#1"}}},{"from":[7.650405,-3.6427345,7.094881],"to":[8.350405,-2.9427357,7.794881],"faces":{"east":{"uv":[8.4385,1.5635,8.499,1.624],"tintindex":0,"rotation":0,"texture":"#1"},"south":{"uv":[1.626,8.4385,1.6865,8.499],"tintindex":0,"rotation":0,"texture":"#1"},"north":{"uv":[8.4385,1.4385,8.499,1.499],"tintindex":0,"rotation":0,"texture":"#1"},"west":{"uv":[8.4385,1.6885,8.499,1.749],"tintindex":0,"rotation":0,"texture":"#1"},"up":{"uv":[8.499,2.0615,8.4385,2.001],"tintindex":0,"rotation":0,"texture":"#1"},"down":{"uv":[2.1865,8.4385,2.126,8.499],"tintindex":0,"rotation":0,"texture":"#1"}},"rotation":{"origin":[8.0086355,7.497986,-3.9068928],"angle":-45.0,"axis":"x"}},{"from":[7.700405,7.5947104,-3.0497847],"to":[8.3004055,8.194711,-2.4497843],"faces":{"east":{"uv":[8.501,5.126,8.5615,5.1865],"tintindex":0,"rotation":0,"texture":"#1"},"south":{"uv":[5.251,8.501,5.3115,8.5615],"tintindex":0,"rotation":0,"texture":"#1"},"north":{"uv":[8.501,5.001,8.5615,5.0615],"tintindex":0,"rotation":0,"texture":"#1"},"west":{"uv":[8.501,5.251,8.5615,5.3115],"tintindex":0,"rotation":0,"texture":"#1"},"up":{"uv":[5.4365,8.5615,5.376,8.501],"tintindex":0,"rotation":0,"texture":"#1"},"down":{"uv":[8.5615,5.5635,8.501,5.624],"tintindex":0,"rotation":0,"texture":"#1"}}},{"from":[7.8755784,5.2403913,-5.056799],"to":[8.125578,5.7403913,-2.556799],"faces":{"east":{"uv":[6.4385,2.251,6.749,2.3115],"tintindex":0,"rotation":0,"texture":"#1"},"south":{"uv":[4.126,8.5635,4.1865,8.624],"tintindex":0,"rotation":0,"texture":"#1"},"north":{"uv":[3.876,8.5635,3.9365,8.624],"tintindex":0,"rotation":0,"texture":"#1"},"west":{"uv":[6.626,4.8135,6.9365,4.874],"tintindex":0,"rotation":0,"texture":"#1"},"up":{"uv":[0.1865,6.999,0.126,6.6885],"tintindex":0,"rotation":0,"texture":"#1"},"down":{"uv":[0.4365,6.6885,0.376,6.999],"tintindex":0,"rotation":0,"texture":"#1"}}}],"display":{"gui":{"rotation":[30,225,0]}}}