{"textures":{"1":"modelengine:entity/fallenravager"},"elements":[{"from":[11.94,9.14,5.0229],"to":[13.06,15.260001,10.1429],"faces":{"east":{"uv":[2.876,0.001,3.1865,0.374],"tintindex":0,"rotation":0,"texture":"#1"},"south":{"uv":[4.001,6.001,4.0615,6.374],"tintindex":0,"rotation":0,"texture":"#1"},"north":{"uv":[2.4385,6.001,2.499,6.374],"tintindex":0,"rotation":0,"texture":"#1"},"west":{"uv":[0.4385,3.001,0.749,3.374],"tintindex":0,"rotation":0,"texture":"#1"},"up":{"uv":[2.374,6.499,2.3135,6.1885],"tintindex":0,"rotation":0,"texture":"#1"},"down":{"uv":[1.874,6.251,1.8135,6.5615],"tintindex":0,"rotation":0,"texture":"#1"}}},{"from":[3.495,11.995,9.795793],"to":[5.505,15.005,10.805793],"faces":{"east":{"uv":[7.5635,2.876,7.624,3.0615],"tintindex":0,"rotation":0,"texture":"#1"},"south":{"uv":[3.3135,6.126,3.4365,6.3115],"tintindex":0,"rotation":0,"texture":"#1"},"north":{"uv":[3.126,6.126,3.249,6.3115],"tintindex":0,"rotation":0,"texture":"#1"},"west":{"uv":[7.5635,3.126,7.624,3.3115],"tintindex":0,"rotation":0,"texture":"#1"},"up":{"uv":[7.999,6.749,7.876,6.6885],"tintindex":0,"rotation":0,"texture":"#1"},"down":{"uv":[6.999,7.876,6.876,7.9365],"tintindex":0,"rotation":0,"texture":"#1"}},"rotation":{"origin":[5.0,12.5,10.300793],"angle":-45.0,"axis":"y"}},{"from":[11.096757,6.6626067,5.0139003],"to":[12.084758,7.6506066,10.001901],"faces":{"east":{"uv":[6.376,2.126,6.6865,2.1865],"tintindex":0,"rotation":0,"texture":"#1"},"south":{"uv":[1.376,8.3135,1.4365,8.374],"tintindex":0,"rotation":0,"texture":"#1"},"north":{"uv":[1.251,8.3135,1.3115,8.374],"tintindex":0,"rotation":0,"texture":"#1"},"west":{"uv":[6.376,4.9385,6.6865,4.999],"tintindex":0,"rotation":0,"texture":"#1"},"up":{"uv":[6.499,3.1865,6.4385,2.876],"tintindex":0,"rotation":0,"texture":"#1"},"down":{"uv":[4.0615,6.4385,4.001,6.749],"tintindex":0,"rotation":0,"texture":"#1"}},"rotation":{"origin":[11.590757,7.4691067,5.5079],"angle":45.0,"axis":"z"}},{"from":[7.5,12.0,4.2079],"to":[8.5,14.0,5.2079],"faces":{"east":{"uv":[7.8135,3.501,7.874,3.624],"tintindex":0,"rotation":0,"texture":"#1"},"south":{"uv":[7.8135,3.876,7.874,3.999],"tintindex":0,"rotation":0,"texture":"#1"},"north":{"uv":[7.8135,3.3135,7.874,3.4365],"tintindex":0,"rotation":0,"texture":"#1"},"west":{"uv":[7.8135,4.0635,7.874,4.1865],"tintindex":0,"rotation":0,"texture":"#1"},"up":{"uv":[8.249,6.9365,8.1885,6.876],"tintindex":0,"rotation":0,"texture":"#1"},"down":{"uv":[8.249,7.001,8.1885,7.0615],"tintindex":0,"rotation":0,"texture":"#1"}}},{"from":[3.9152431,6.6626067,5.0139003],"to":[4.903243,7.6506066,10.001901],"faces":{"east":{"uv":[6.251,5.751,6.5615,5.8115],"tintindex":0,"rotation":0,"texture":"#1"},"south":{"uv":[8.251,7.8135,8.3115,7.874],"tintindex":0,"rotation":0,"texture":"#1"},"north":{"uv":[7.8135,8.251,7.874,8.3115],"tintindex":0,"rotation":0,"texture":"#1"},"west":{"uv":[6.251,5.876,6.5615,5.9365],"tintindex":0,"rotation":0,"texture":"#1"},"up":{"uv":[0.3115,6.6865,0.251,6.376],"tintindex":0,"rotation":0,"texture":"#1"},"down":{"uv":[1.0615,6.376,1.001,6.6865],"tintindex":0,"rotation":0,"texture":"#1"}},"rotation":{"origin":[4.409243,7.4691067,5.5079],"angle":-45.0,"axis":"z"}},{"from":[5.0,11.0,9.5079],"to":[11.0,15.0,10.5079],"faces":{"east":{"uv":[5.3135,7.001,5.374,7.249],"tintindex":0,"rotation":0,"texture":"#1"},"south":{"uv":[3.376,1.0635,3.749,1.3115],"tintindex":0,"rotation":0,"texture":"#1"},"north":{"uv":[3.3135,2.8135,3.6865,3.0615],"tintindex":0,"rotation":0,"texture":"#1"},"west":{"uv":[5.4385,7.001,5.499,7.249],"tintindex":0,"rotation":0,"texture":"#1"},"up":{"uv":[6.499,3.624,6.126,3.5635],"tintindex":0,"rotation":0,"texture":"#1"},"down":{"uv":[6.499,3.6885,6.126,3.749],"tintindex":0,"rotation":0,"texture":"#1"}}},{"from":[5.0,12.0,5.0079],"to":[11.0,15.0,6.0079],"faces":{"east":{"uv":[7.5635,1.876,7.624,2.0615],"tintindex":0,"rotation":0,"texture":"#1"},"south":{"uv":[3.001,3.8135,3.374,3.999],"tintindex":0,"rotation":0,"texture":"#1"},"north":{"uv":[3.8135,2.001,4.1865,2.1865],"tintindex":0,"rotation":0,"texture":"#1"},"west":{"uv":[2.251,7.5635,2.3115,7.749],"tintindex":0,"rotation":0,"texture":"#1"},"up":{"uv":[6.499,1.3115,6.126,1.251],"tintindex":0,"rotation":0,"texture":"#1"},"down":{"uv":[6.499,1.751,6.126,1.8115],"tintindex":0,"rotation":0,"texture":"#1"}}},{"from":[3.8249998,7.0,5.3329],"to":[12.175,10.0,9.682899],"faces":{"east":{"uv":[0.6885,5.126,0.9365,5.3115],"tintindex":0,"rotation":0,"texture":"#1"},"south":{"uv":[3.251,2.001,3.749,2.1865],"tintindex":0,"rotation":0,"texture":"#1"},"north":{"uv":[3.001,0.8135,3.499,0.999],"tintindex":0,"rotation":0,"texture":"#1"},"west":{"uv":[5.126,1.1885,5.374,1.374],"tintindex":0,"rotation":0,"texture":"#1"},"up":{"uv":[1.5615,2.999,1.0635,2.751],"tintindex":0,"rotation":0,"texture":"#1"},"down":{"uv":[3.3115,1.0635,2.8135,1.3115],"tintindex":0,"rotation":0,"texture":"#1"}}},{"from":[4.506,11.213107,5.0139003],"to":[6.494,12.201108,6.0019],"faces":{"east":{"uv":[8.251,4.6885,8.3115,4.749],"tintindex":0,"rotation":0,"texture":"#1"},"south":{"uv":[1.9385,7.876,2.0615,7.9365],"tintindex":0,"rotation":0,"texture":"#1"},"north":{"uv":[1.626,7.876,1.749,7.9365],"tintindex":0,"rotation":0,"texture":"#1"},"west":{"uv":[4.8135,8.251,4.874,8.3115],"tintindex":0,"rotation":0,"texture":"#1"},"up":{"uv":[2.624,7.9365,2.501,7.876],"tintindex":0,"rotation":0,"texture":"#1"},"down":{"uv":[2.8115,7.876,2.6885,7.9365],"tintindex":0,"rotation":0,"texture":"#1"}},"rotation":{"origin":[6.0,11.707108,5.5079],"angle":-45.0,"axis":"z"}},{"from":[6.503,10.210108,10.0109005],"to":[7.497,11.204107,11.0049],"faces":{"east":{"uv":[4.626,8.3135,4.6865,8.374],"tintindex":0,"rotation":0,"texture":"#1"},"south":{"uv":[8.3135,4.8135,8.374,4.874],"tintindex":0,"rotation":0,"texture":"#1"},"north":{"uv":[4.501,8.3135,4.5615,8.374],"tintindex":0,"rotation":0,"texture":"#1"},"west":{"uv":[5.0635,8.3135,5.124,8.374],"tintindex":0,"rotation":0,"texture":"#1"},"up":{"uv":[5.249,8.374,5.1885,8.3135],"tintindex":0,"rotation":0,"texture":"#1"},"down":{"uv":[8.374,5.4385,8.3135,5.499],"tintindex":0,"rotation":0,"texture":"#1"}},"rotation":{"origin":[7.0,10.707108,10.5079],"angle":45.0,"axis":"z"}},{"from":[4.506,10.213107,9.5139],"to":[6.494,11.201108,10.501901],"faces":{"east":{"uv":[6.0635,8.3135,6.124,8.374],"tintindex":0,"rotation":0,"texture":"#1"},"south":{"uv":[6.501,7.876,6.624,7.9365],"tintindex":0,"rotation":0,"texture":"#1"},"north":{"uv":[6.3135,7.876,6.4365,7.9365],"tintindex":0,"rotation":0,"texture":"#1"},"west":{"uv":[8.3135,6.126,8.374,6.1865],"tintindex":0,"rotation":0,"texture":"#1"},"up":{"uv":[7.999,6.624,7.876,6.5635],"tintindex":0,"rotation":0,"texture":"#1"},"down":{"uv":[6.8115,7.876,6.6885,7.9365],"tintindex":0,"rotation":0,"texture":"#1"}},"rotation":{"origin":[6.0,10.707108,10.0079],"angle":-45.0,"axis":"z"}},{"from":[10.495,11.995,9.795793],"to":[12.505,15.005,10.805793],"faces":{"east":{"uv":[7.5635,3.376,7.624,3.5615],"tintindex":0,"rotation":0,"texture":"#1"},"south":{"uv":[6.0635,6.126,6.1865,6.3115],"tintindex":0,"rotation":0,"texture":"#1"},"north":{"uv":[6.126,4.1885,6.249,4.374],"tintindex":0,"rotation":0,"texture":"#1"},"west":{"uv":[7.5635,3.9385,7.624,4.124],"tintindex":0,"rotation":0,"texture":"#1"},"up":{"uv":[7.999,6.999,7.876,6.9385],"tintindex":0,"rotation":0,"texture":"#1"},"down":{"uv":[7.1865,7.876,7.0635,7.9365],"tintindex":0,"rotation":0,"texture":"#1"}},"rotation":{"origin":[11.0,12.5,10.300793],"angle":45.0,"axis":"y"}},{"from":[6.995,10.995,4.5029],"to":[9.005,15.005,5.5129004],"faces":{"east":{"uv":[3.4385,6.876,3.499,7.124],"tintindex":0,"rotation":0,"texture":"#1"},"south":{"uv":[5.0635,5.6885,5.1865,5.9365],"tintindex":0,"rotation":0,"texture":"#1"},"north":{"uv":[4.876,5.626,4.999,5.874],"tintindex":0,"rotation":0,"texture":"#1"},"west":{"uv":[3.5635,6.876,3.624,7.124],"tintindex":0,"rotation":0,"texture":"#1"},"up":{"uv":[7.9365,3.124,7.8135,3.0635],"tintindex":0,"rotation":0,"texture":"#1"},"down":{"uv":[7.9365,3.1885,7.8135,3.249],"tintindex":0,"rotation":0,"texture":"#1"}}},{"from":[9.506,11.213107,5.0139003],"to":[11.494,12.201108,6.0019],"faces":{"east":{"uv":[8.251,4.251,8.3115,4.3115],"tintindex":0,"rotation":0,"texture":"#1"},"south":{"uv":[1.1885,7.876,1.3115,7.9365],"tintindex":0,"rotation":0,"texture":"#1"},"north":{"uv":[1.001,7.876,1.124,7.9365],"tintindex":0,"rotation":0,"texture":"#1"},"west":{"uv":[8.251,4.5635,8.3115,4.624],"tintindex":0,"rotation":0,"texture":"#1"},"up":{"uv":[7.999,1.499,7.876,1.4385],"tintindex":0,"rotation":0,"texture":"#1"},"down":{"uv":[7.999,1.5635,7.876,1.624],"tintindex":0,"rotation":0,"texture":"#1"}},"rotation":{"origin":[10.0,11.707108,5.5079],"angle":45.0,"axis":"z"}},{"from":[11.295379,7.463106,5.0079],"to":[12.295379,9.463106,6.0079],"faces":{"east":{"uv":[2.126,7.876,2.1865,7.999],"tintindex":0,"rotation":0,"texture":"#1"},"south":{"uv":[4.1885,7.876,4.249,7.999],"tintindex":0,"rotation":0,"texture":"#1"},"north":{"uv":[1.376,7.876,1.4365,7.999],"tintindex":0,"rotation":0,"texture":"#1"},"west":{"uv":[4.3135,7.876,4.374,7.999],"tintindex":0,"rotation":0,"texture":"#1"},"up":{"uv":[7.499,8.3115,7.4385,8.251],"tintindex":0,"rotation":0,"texture":"#1"},"down":{"uv":[8.3115,7.501,8.251,7.5615],"tintindex":0,"rotation":0,"texture":"#1"}}},{"from":[6.0,10.0,9.5079],"to":[10.0,11.0,10.5079],"faces":{"east":{"uv":[4.376,8.3135,4.4365,8.374],"tintindex":0,"rotation":0,"texture":"#1"},"south":{"uv":[7.001,4.751,7.249,4.8115],"tintindex":0,"rotation":0,"texture":"#1"},"north":{"uv":[7.001,1.501,7.249,1.5615],"tintindex":0,"rotation":0,"texture":"#1"},"west":{"uv":[8.3135,4.376,8.374,4.4365],"tintindex":0,"rotation":0,"texture":"#1"},"up":{"uv":[7.249,5.624,7.001,5.5635],"tintindex":0,"rotation":0,"texture":"#1"},"down":{"uv":[0.249,7.0635,0.001,7.124],"tintindex":0,"rotation":0,"texture":"#1"}}},{"from":[3.4994,8.956508,5.0073004],"to":[4.5006,9.957707,10.0085],"faces":{"east":{"uv":[6.3135,1.5635,6.624,1.624],"tintindex":0,"rotation":0,"texture":"#1"},"south":{"uv":[8.3135,0.001,8.374,0.0615],"tintindex":0,"rotation":0,"texture":"#1"},"north":{"uv":[0.001,8.3135,0.0615,8.374],"tintindex":0,"rotation":0,"texture":"#1"},"west":{"uv":[6.3135,2.376,6.624,2.4365],"tintindex":0,"rotation":0,"texture":"#1"},"up":{"uv":[2.124,6.6865,2.0635,6.376],"tintindex":0,"rotation":0,"texture":"#1"},"down":{"uv":[3.1865,6.376,3.126,6.6865],"tintindex":0,"rotation":0,"texture":"#1"}},"rotation":{"origin":[4.0,9.457108,5.5079],"angle":-45.0,"axis":"z"}},{"from":[10.495,11.995,4.7100067],"to":[11.505,15.005,5.720007],"faces":{"east":{"uv":[5.9385,7.376,5.999,7.5615],"tintindex":0,"rotation":0,"texture":"#1"},"south":{"uv":[6.376,7.376,6.4365,7.5615],"tintindex":0,"rotation":0,"texture":"#1"},"north":{"uv":[4.1885,7.376,4.249,7.5615],"tintindex":0,"rotation":0,"texture":"#1"},"west":{"uv":[7.376,6.6885,7.4365,6.874],"tintindex":0,"rotation":0,"texture":"#1"},"up":{"uv":[8.1865,0.8115,8.126,0.751],"tintindex":0,"rotation":0,"texture":"#1"},"down":{"uv":[0.9365,8.126,0.876,8.1865],"tintindex":0,"rotation":0,"texture":"#1"}},"rotation":{"origin":[11.0,12.5,5.215007],"angle":-45.0,"axis":"y"}},{"from":[13.0,15.0,9.5079],"to":[3.0,10.0,5.5079],"faces":{"east":{"uv":[1.6885,3.749,1.9365,3.4385],"tintindex":0,"rotation":0,"texture":"#1"},"south":{"uv":[0.5635,2.3115,1.1865,2.001],"tintindex":0,"rotation":0,"texture":"#1"},"north":{"uv":[1.251,2.3115,1.874,2.001],"tintindex":0,"rotation":0,"texture":"#1"},"west":{"uv":[3.376,1.9365,3.624,1.626],"tintindex":0,"rotation":0,"texture":"#1"},"up":{"uv":[2.126,1.4385,2.749,1.6865],"tintindex":0,"rotation":0,"texture":"#1"},"down":{"uv":[2.126,1.374,2.749,1.126],"tintindex":0,"rotation":0,"texture":"#1"}}},{"from":[2.94,9.14,5.0229],"to":[4.06,15.260001,10.1429],"faces":{"east":{"uv":[1.626,3.001,1.9365,3.374],"tintindex":0,"rotation":0,"texture":"#1"},"south":{"uv":[2.1885,6.1885,2.249,6.5615],"tintindex":0,"rotation":0,"texture":"#1"},"north":{"uv":[1.501,6.1885,1.5615,6.5615],"tintindex":0,"rotation":0,"texture":"#1"},"west":{"uv":[2.001,3.001,2.3115,3.374],"tintindex":0,"rotation":0,"texture":"#1"},"up":{"uv":[1.6865,6.8115,1.626,6.501],"tintindex":0,"rotation":0,"texture":"#1"},"down":{"uv":[1.999,6.501,1.9385,6.8115],"tintindex":0,"rotation":0,"texture":"#1"}}},{"from":[6.995,9.995,10.0029],"to":[9.005,15.005,11.0129],"faces":{"east":{"uv":[6.501,0.751,6.5615,1.0615],"tintindex":0,"rotation":0,"texture":"#1"},"south":{"uv":[1.251,3.5635,1.374,3.874],"tintindex":0,"rotation":0,"texture":"#1"},"north":{"uv":[1.4385,3.0635,1.5615,3.374],"tintindex":0,"rotation":0,"texture":"#1"},"west":{"uv":[0.8135,6.501,0.874,6.8115],"tintindex":0,"rotation":0,"texture":"#1"},"up":{"uv":[6.249,7.9365,6.126,7.876],"tintindex":0,"rotation":0,"texture":"#1"},"down":{"uv":[7.999,6.251,7.876,6.3115],"tintindex":0,"rotation":0,"texture":"#1"}}},{"from":[6.503,11.210108,4.5109],"to":[7.497,12.204107,5.5049005],"faces":{"east":{"uv":[8.251,3.3135,8.3115,3.374],"tintindex":0,"rotation":0,"texture":"#1"},"south":{"uv":[8.251,3.4385,8.3115,3.499],"tintindex":0,"rotation":0,"texture":"#1"},"north":{"uv":[8.251,3.1885,8.3115,3.249],"tintindex":0,"rotation":0,"texture":"#1"},"west":{"uv":[8.251,3.751,8.3115,3.8115],"tintindex":0,"rotation":0,"texture":"#1"},"up":{"uv":[8.3115,3.9365,8.251,3.876],"tintindex":0,"rotation":0,"texture":"#1"},"down":{"uv":[4.0615,8.251,4.001,8.3115],"tintindex":0,"rotation":0,"texture":"#1"}},"rotation":{"origin":[7.0,11.707108,5.0079],"angle":45.0,"axis":"z"}},{"from":[9.506,10.213107,9.5139],"to":[11.494,11.201108,10.501901],"faces":{"east":{"uv":[4.126,8.3135,4.1865,8.374],"tintindex":0,"rotation":0,"texture":"#1"},"south":{"uv":[7.876,5.8135,7.999,5.874],"tintindex":0,"rotation":0,"texture":"#1"},"north":{"uv":[7.876,4.8135,7.999,4.874],"tintindex":0,"rotation":0,"texture":"#1"},"west":{"uv":[4.251,8.3135,4.3115,8.374],"tintindex":0,"rotation":0,"texture":"#1"},"up":{"uv":[6.0615,7.9365,5.9385,7.876],"tintindex":0,"rotation":0,"texture":"#1"},"down":{"uv":[7.999,5.9385,7.876,5.999],"tintindex":0,"rotation":0,"texture":"#1"}},"rotation":{"origin":[10.0,10.707108,10.0079],"angle":45.0,"axis":"z"}},{"from":[8.503,11.210108,4.5109],"to":[9.497,12.204107,5.5049005],"faces":{"east":{"uv":[8.251,2.8135,8.3115,2.874],"tintindex":0,"rotation":0,"texture":"#1"},"south":{"uv":[8.251,2.9385,8.3115,2.999],"tintindex":0,"rotation":0,"texture":"#1"},"north":{"uv":[8.251,2.6885,8.3115,2.749],"tintindex":0,"rotation":0,"texture":"#1"},"west":{"uv":[3.001,8.251,3.0615,8.3115],"tintindex":0,"rotation":0,"texture":"#1"},"up":{"uv":[8.3115,3.124,8.251,3.0635],"tintindex":0,"rotation":0,"texture":"#1"},"down":{"uv":[3.1865,8.251,3.126,8.3115],"tintindex":0,"rotation":0,"texture":"#1"}},"rotation":{"origin":[9.0,11.707108,5.0079],"angle":-45.0,"axis":"z"}},{"from":[7.7091064,11.502,4.2099],"to":[8.412213,12.205108,5.2059],"faces":{"east":{"uv":[2.001,8.251,2.0615,8.3115],"tintindex":0,"rotation":0,"texture":"#1"},"south":{"uv":[8.251,2.126,8.3115,2.1865],"tintindex":0,"rotation":0,"texture":"#1"},"north":{"uv":[8.251,1.876,8.3115,1.9365],"tintindex":0,"rotation":0,"texture":"#1"},"west":{"uv":[8.251,2.251,8.3115,2.3115],"tintindex":0,"rotation":0,"texture":"#1"},"up":{"uv":[2.4365,8.3115,2.376,8.251],"tintindex":0,"rotation":0,"texture":"#1"},"down":{"uv":[8.3115,2.5635,8.251,2.624],"tintindex":0,"rotation":0,"texture":"#1"}},"rotation":{"origin":[8.207107,12.0,4.7079],"angle":-45.0,"axis":"z"}},{"from":[7.0,9.0,5.0079],"to":[9.0,12.0,7.0079],"faces":{"east":{"uv":[1.501,3.9385,1.624,4.124],"tintindex":0,"rotation":0,"texture":"#1"},"south":{"uv":[4.501,6.001,4.624,6.1865],"tintindex":0,"rotation":0,"texture":"#1"},"north":{"uv":[3.5635,2.5635,3.6865,2.749],"tintindex":0,"rotation":0,"texture":"#1"},"west":{"uv":[4.6885,6.001,4.8115,6.1865],"tintindex":0,"rotation":0,"texture":"#1"},"up":{"uv":[6.874,6.6865,6.751,6.5635],"tintindex":0,"rotation":0,"texture":"#1"},"down":{"uv":[6.874,6.751,6.751,6.874],"tintindex":0,"rotation":0,"texture":"#1"}}},{"from":[8.503,10.210108,10.0109005],"to":[9.497,11.204107,11.0049],"faces":{"east":{"uv":[5.6885,8.3135,5.749,8.374],"tintindex":0,"rotation":0,"texture":"#1"},"south":{"uv":[8.3135,5.6885,8.374,5.749],"tintindex":0,"rotation":0,"texture":"#1"},"north":{"uv":[5.5635,8.3135,5.624,8.374],"tintindex":0,"rotation":0,"texture":"#1"},"west":{"uv":[5.8135,8.3135,5.874,8.374],"tintindex":0,"rotation":0,"texture":"#1"},"up":{"uv":[8.374,5.874,8.3135,5.8135],"tintindex":0,"rotation":0,"texture":"#1"},"down":{"uv":[5.999,8.3135,5.9385,8.374],"tintindex":0,"rotation":0,"texture":"#1"}},"rotation":{"origin":[9.0,10.707108,10.5079],"angle":-45.0,"axis":"z"}},{"from":[3.005,10.005,5.5129004],"to":[12.995,14.995,9.5029],"faces":{"east":{"uv":[3.376,1.626,3.624,1.9365],"tintindex":0,"rotation":0,"texture":"#1"},"south":{"uv":[1.251,2.001,1.874,2.3115],"tintindex":0,"rotation":0,"texture":"#1"},"north":{"uv":[0.5635,2.001,1.1865,2.3115],"tintindex":0,"rotation":0,"texture":"#1"},"west":{"uv":[1.6885,3.4385,1.9365,3.749],"tintindex":0,"rotation":0,"texture":"#1"},"up":{"uv":[2.749,1.374,2.126,1.126],"tintindex":0,"rotation":0,"texture":"#1"},"down":{"uv":[2.749,1.4385,2.126,1.6865],"tintindex":0,"rotation":0,"texture":"#1"}}},{"from":[6.0,11.0,5.0079],"to":[10.0,12.0,6.0079],"faces":{"east":{"uv":[8.251,4.001,8.3115,4.0615],"tintindex":0,"rotation":0,"texture":"#1"},"south":{"uv":[6.9385,3.126,7.1865,3.1865],"tintindex":0,"rotation":0,"texture":"#1"},"north":{"uv":[6.9385,1.376,7.1865,1.4365],"tintindex":0,"rotation":0,"texture":"#1"},"west":{"uv":[8.251,4.126,8.3115,4.1865],"tintindex":0,"rotation":0,"texture":"#1"},"up":{"uv":[4.249,6.999,4.001,6.9385],"tintindex":0,"rotation":0,"texture":"#1"},"down":{"uv":[7.1865,4.4385,6.9385,4.499],"tintindex":0,"rotation":0,"texture":"#1"}}},{"from":[11.4994,8.956508,5.0073004],"to":[12.5006,9.957707,10.0085],"faces":{"east":{"uv":[6.251,5.126,6.5615,5.1865],"tintindex":0,"rotation":0,"texture":"#1"},"south":{"uv":[7.6885,8.251,7.749,8.3115],"tintindex":0,"rotation":0,"texture":"#1"},"north":{"uv":[7.5635,8.251,7.624,8.3115],"tintindex":0,"rotation":0,"texture":"#1"},"west":{"uv":[6.251,5.251,6.5615,5.3115],"tintindex":0,"rotation":0,"texture":"#1"},"up":{"uv":[5.3115,6.624,5.251,6.3135],"tintindex":0,"rotation":0,"texture":"#1"},"down":{"uv":[0.0615,6.376,0.001,6.6865],"tintindex":0,"rotation":0,"texture":"#1"}},"rotation":{"origin":[12.0,9.457108,5.5079],"angle":45.0,"axis":"z"}},{"from":[3.7046213,7.463106,5.0079],"to":[4.7046213,9.463106,6.0079],"faces":{"east":{"uv":[4.5635,7.876,4.624,7.999],"tintindex":0,"rotation":0,"texture":"#1"},"south":{"uv":[7.876,4.626,7.9365,4.749],"tintindex":0,"rotation":0,"texture":"#1"},"north":{"uv":[4.4385,7.876,4.499,7.999],"tintindex":0,"rotation":0,"texture":"#1"},"west":{"uv":[4.6885,7.876,4.749,7.999],"tintindex":0,"rotation":0,"texture":"#1"},"up":{"uv":[8.3115,7.999,8.251,7.9385],"tintindex":0,"rotation":0,"texture":"#1"},"down":{"uv":[8.3115,8.0635,8.251,8.124],"tintindex":0,"rotation":0,"texture":"#1"}}},{"from":[4.495,11.995,4.7100067],"to":[5.505,15.005,5.720007],"faces":{"east":{"uv":[1.376,4.5635,1.4365,4.749],"tintindex":0,"rotation":0,"texture":"#1"},"south":{"uv":[7.3135,6.4385,7.374,6.624],"tintindex":0,"rotation":0,"texture":"#1"},"north":{"uv":[0.751,4.251,0.8115,4.4365],"tintindex":0,"rotation":0,"texture":"#1"},"west":{"uv":[0.251,7.376,0.3115,7.5615],"tintindex":0,"rotation":0,"texture":"#1"},"up":{"uv":[0.749,3.499,0.6885,3.4385],"tintindex":0,"rotation":0,"texture":"#1"},"down":{"uv":[2.6865,4.0635,2.626,4.124],"tintindex":0,"rotation":0,"texture":"#1"}},"rotation":{"origin":[5.0,12.5,5.215007],"angle":45.0,"axis":"y"}},{"from":[7.7091064,13.502,4.2099],"to":[8.412213,14.205108,5.2059],"faces":{"east":{"uv":[8.251,1.126,8.3115,1.1865],"tintindex":0,"rotation":0,"texture":"#1"},"south":{"uv":[8.251,1.251,8.3115,1.3115],"tintindex":0,"rotation":0,"texture":"#1"},"north":{"uv":[0.876,8.251,0.9365,8.3115],"tintindex":0,"rotation":0,"texture":"#1"},"west":{"uv":[1.501,8.251,1.5615,8.3115],"tintindex":0,"rotation":0,"texture":"#1"},"up":{"uv":[1.8115,8.3115,1.751,8.251],"tintindex":0,"rotation":0,"texture":"#1"},"down":{"uv":[1.9365,8.251,1.876,8.3115],"tintindex":0,"rotation":0,"texture":"#1"}},"rotation":{"origin":[8.207107,14.0,4.7079],"angle":-45.0,"axis":"z"}}],"display":{"gui":{"rotation":[30,225,0]}}}