{"textures":{"1":"modelengine:entity/fallenravager"},"elements":[{"from":[5.5,9.0,6.15],"to":[7.5,11.0,9.85],"faces":{"east":{"uv":[5.751,0.751,5.999,0.874],"tintindex":0,"rotation":0,"texture":"#1"},"south":{"uv":[6.9385,5.0635,7.0615,5.1865],"tintindex":0,"rotation":0,"texture":"#1"},"north":{"uv":[6.9385,4.5635,7.0615,4.6865],"tintindex":0,"rotation":0,"texture":"#1"},"west":{"uv":[5.751,0.9385,5.999,1.0615],"tintindex":0,"rotation":0,"texture":"#1"},"up":{"uv":[5.5615,5.9365,5.4385,5.6885],"tintindex":0,"rotation":0,"texture":"#1"},"down":{"uv":[5.874,1.126,5.751,1.374],"tintindex":0,"rotation":0,"texture":"#1"}}},{"from":[4.3986216,8.469107,9.713107],"to":[5.3986216,12.469107,10.713107],"faces":{"east":{"uv":[4.5635,7.001,4.624,7.249],"tintindex":0,"rotation":0,"texture":"#1"},"south":{"uv":[4.6885,7.001,4.749,7.249],"tintindex":0,"rotation":0,"texture":"#1"},"north":{"uv":[4.4385,7.001,4.499,7.249],"tintindex":0,"rotation":0,"texture":"#1"},"west":{"uv":[4.8135,7.001,4.874,7.249],"tintindex":0,"rotation":0,"texture":"#1"},"up":{"uv":[8.374,3.624,8.3135,3.5635],"tintindex":0,"rotation":0,"texture":"#1"},"down":{"uv":[3.6865,8.3135,3.626,8.374],"tintindex":0,"rotation":0,"texture":"#1"}},"rotation":{"origin":[4.8986216,8.969107,10.213107],"angle":45.0,"axis":"y"}},{"from":[6.994,7.244,5.569],"to":[9.006,9.256,5.831],"faces":{"east":{"uv":[7.6885,4.0635,7.749,4.1865],"tintindex":0,"rotation":0,"texture":"#1"},"south":{"uv":[6.751,6.376,6.874,6.499],"tintindex":0,"rotation":0,"texture":"#1"},"north":{"uv":[6.751,6.1885,6.874,6.3115],"tintindex":0,"rotation":0,"texture":"#1"},"west":{"uv":[7.6885,4.251,7.749,4.374],"tintindex":0,"rotation":0,"texture":"#1"},"up":{"uv":[6.5615,4.749,6.4385,4.6885],"tintindex":0,"rotation":0,"texture":"#1"},"down":{"uv":[7.8115,0.251,7.6885,0.3115],"tintindex":0,"rotation":0,"texture":"#1"}}},{"from":[8.503,11.795893,5.7029996],"to":[9.497,12.789892,6.697],"faces":{"east":{"uv":[8.251,5.5635,8.3115,5.624],"tintindex":0,"rotation":0,"texture":"#1"},"south":{"uv":[8.251,6.001,8.3115,6.0615],"tintindex":0,"rotation":0,"texture":"#1"},"north":{"uv":[5.4385,8.251,5.499,8.3115],"tintindex":0,"rotation":0,"texture":"#1"},"west":{"uv":[6.6885,8.251,6.749,8.3115],"tintindex":0,"rotation":0,"texture":"#1"},"up":{"uv":[8.3115,6.749,8.251,6.6885],"tintindex":0,"rotation":0,"texture":"#1"},"down":{"uv":[6.874,8.251,6.8135,8.3115],"tintindex":0,"rotation":0,"texture":"#1"}},"rotation":{"origin":[9.0,12.292892,6.2],"angle":45.0,"axis":"z"}},{"from":[6.0,9.0,9.9375],"to":[10.0,14.0,10.9375],"faces":{"east":{"uv":[1.251,6.501,1.3115,6.8115],"tintindex":0,"rotation":0,"texture":"#1"},"south":{"uv":[3.6885,1.626,3.9365,1.9365],"tintindex":0,"rotation":0,"texture":"#1"},"north":{"uv":[3.626,0.001,3.874,0.3115],"tintindex":0,"rotation":0,"texture":"#1"},"west":{"uv":[1.376,6.501,1.4365,6.8115],"tintindex":0,"rotation":0,"texture":"#1"},"up":{"uv":[7.3115,0.4365,7.0635,0.376],"tintindex":0,"rotation":0,"texture":"#1"},"down":{"uv":[0.6865,7.0635,0.4385,7.124],"tintindex":0,"rotation":0,"texture":"#1"}}},{"from":[10.5,9.0,6.0],"to":[11.5,11.0,10.0],"faces":{"east":{"uv":[5.4385,3.251,5.6865,3.374],"tintindex":0,"rotation":0,"texture":"#1"},"south":{"uv":[6.4385,3.251,6.499,3.374],"tintindex":0,"rotation":0,"texture":"#1"},"north":{"uv":[6.4385,1.376,6.499,1.499],"tintindex":0,"rotation":0,"texture":"#1"},"west":{"uv":[5.4385,3.4385,5.6865,3.5615],"tintindex":0,"rotation":0,"texture":"#1"},"up":{"uv":[0.999,6.999,0.9385,6.751],"tintindex":0,"rotation":0,"texture":"#1"},"down":{"uv":[2.124,6.751,2.0635,6.999],"tintindex":0,"rotation":0,"texture":"#1"}}},{"from":[6.863961,17.156855,6.01],"to":[8.363961,18.156855,9.99],"faces":{"east":{"uv":[7.251,0.8135,7.499,0.874],"tintindex":0,"rotation":0,"texture":"#1"},"south":{"uv":[7.9385,4.3135,8.0615,4.374],"tintindex":0,"rotation":0,"texture":"#1"},"north":{"uv":[7.9385,4.1885,8.0615,4.249],"tintindex":0,"rotation":0,"texture":"#1"},"west":{"uv":[7.251,2.376,7.499,2.4365],"tintindex":0,"rotation":0,"texture":"#1"},"up":{"uv":[3.124,5.999,3.001,5.751],"tintindex":0,"rotation":0,"texture":"#1"},"down":{"uv":[5.874,4.8135,5.751,5.0615],"tintindex":0,"rotation":0,"texture":"#1"}},"rotation":{"origin":[16.86396,17.656855,9.49],"angle":45.0,"axis":"z"}},{"from":[4.5,11.0,6.0],"to":[5.5,12.0,10.0],"faces":{"east":{"uv":[6.8135,2.376,7.0615,2.4365],"tintindex":0,"rotation":0,"texture":"#1"},"south":{"uv":[1.751,8.126,1.8115,8.1865],"tintindex":0,"rotation":0,"texture":"#1"},"north":{"uv":[1.501,8.126,1.5615,8.1865],"tintindex":0,"rotation":0,"texture":"#1"},"west":{"uv":[6.8135,2.501,7.0615,2.5615],"tintindex":0,"rotation":0,"texture":"#1"},"up":{"uv":[2.499,7.0615,2.4385,6.8135],"tintindex":0,"rotation":0,"texture":"#1"},"down":{"uv":[6.874,2.9385,6.8135,3.1865],"tintindex":0,"rotation":0,"texture":"#1"}}},{"from":[6.7187176,8.7045,5.5535],"to":[7.212218,9.198,5.6865],"faces":{"east":{"uv":[8.0635,6.501,8.124,6.5615],"tintindex":0,"rotation":0,"texture":"#1"},"south":{"uv":[8.0635,6.626,8.124,6.6865],"tintindex":0,"rotation":0,"texture":"#1"},"north":{"uv":[8.0635,6.376,8.124,6.4365],"tintindex":0,"rotation":0,"texture":"#1"},"west":{"uv":[8.0635,6.9385,8.124,6.999],"tintindex":0,"rotation":0,"texture":"#1"},"up":{"uv":[8.124,7.124,8.0635,7.0635],"tintindex":0,"rotation":0,"texture":"#1"},"down":{"uv":[7.249,8.0635,7.1885,8.124],"tintindex":0,"rotation":0,"texture":"#1"}},"rotation":{"origin":[6.9392176,8.925,5.3575],"angle":-45.0,"axis":"z"}},{"from":[6.625298,7.5249996,5.54972],"to":[7.325298,8.925,5.69028],"faces":{"east":{"uv":[0.376,8.126,0.4365,8.1865],"tintindex":0,"rotation":0,"texture":"#1"},"south":{"uv":[0.501,8.126,0.5615,8.1865],"tintindex":0,"rotation":0,"texture":"#1"},"north":{"uv":[8.126,0.3135,8.1865,0.374],"tintindex":0,"rotation":0,"texture":"#1"},"west":{"uv":[0.626,8.126,0.6865,8.1865],"tintindex":0,"rotation":0,"texture":"#1"},"up":{"uv":[8.1865,0.6865,8.126,0.626],"tintindex":0,"rotation":0,"texture":"#1"},"down":{"uv":[0.8115,8.126,0.751,8.1865],"tintindex":0,"rotation":0,"texture":"#1"}}},{"from":[7.7091064,11.752,5.402],"to":[8.412213,12.455108,6.3980002],"faces":{"east":{"uv":[8.376,2.876,8.4365,2.9365],"tintindex":0,"rotation":0,"texture":"#1"},"south":{"uv":[3.001,8.376,3.0615,8.4365],"tintindex":0,"rotation":0,"texture":"#1"},"north":{"uv":[8.376,2.751,8.4365,2.8115],"tintindex":0,"rotation":0,"texture":"#1"},"west":{"uv":[8.376,3.001,8.4365,3.0615],"tintindex":0,"rotation":0,"texture":"#1"},"up":{"uv":[3.1865,8.4365,3.126,8.376],"tintindex":0,"rotation":0,"texture":"#1"},"down":{"uv":[8.4365,3.126,8.376,3.1865],"tintindex":0,"rotation":0,"texture":"#1"}},"rotation":{"origin":[8.207107,12.25,5.9],"angle":-45.0,"axis":"z"}},{"from":[8.503,12.795893,10.203],"to":[9.497,13.789892,11.197],"faces":{"east":{"uv":[8.3135,6.251,8.374,6.3115],"tintindex":0,"rotation":0,"texture":"#1"},"south":{"uv":[6.3135,8.3135,6.374,8.374],"tintindex":0,"rotation":0,"texture":"#1"},"north":{"uv":[6.1885,8.3135,6.249,8.374],"tintindex":0,"rotation":0,"texture":"#1"},"west":{"uv":[8.3135,6.376,8.374,6.4365],"tintindex":0,"rotation":0,"texture":"#1"},"up":{"uv":[6.499,8.374,6.4385,8.3135],"tintindex":0,"rotation":0,"texture":"#1"},"down":{"uv":[8.374,6.501,8.3135,6.5615],"tintindex":0,"rotation":0,"texture":"#1"}},"rotation":{"origin":[9.0,13.292892,10.7],"angle":45.0,"axis":"z"}},{"from":[6.503,12.795893,10.203],"to":[7.497,13.789892,11.197],"faces":{"east":{"uv":[8.3135,6.8135,8.374,6.874],"tintindex":0,"rotation":0,"texture":"#1"},"south":{"uv":[8.3135,6.9385,8.374,6.999],"tintindex":0,"rotation":0,"texture":"#1"},"north":{"uv":[6.5635,8.3135,6.624,8.374],"tintindex":0,"rotation":0,"texture":"#1"},"west":{"uv":[8.3135,7.0635,8.374,7.124],"tintindex":0,"rotation":0,"texture":"#1"},"up":{"uv":[7.249,8.374,7.1885,8.3135],"tintindex":0,"rotation":0,"texture":"#1"},"down":{"uv":[7.374,8.3135,7.3135,8.374],"tintindex":0,"rotation":0,"texture":"#1"}},"rotation":{"origin":[7.0,13.292892,10.7],"angle":-45.0,"axis":"z"}},{"from":[7.768718,8.9545,5.5535],"to":[8.2622175,9.448,5.6865],"faces":{"east":{"uv":[4.3135,8.0635,4.374,8.124],"tintindex":0,"rotation":0,"texture":"#1"},"south":{"uv":[4.4385,8.0635,4.499,8.124],"tintindex":0,"rotation":0,"texture":"#1"},"north":{"uv":[4.1885,8.0635,4.249,8.124],"tintindex":0,"rotation":0,"texture":"#1"},"west":{"uv":[8.0635,4.4385,8.124,4.499],"tintindex":0,"rotation":0,"texture":"#1"},"up":{"uv":[4.624,8.124,4.5635,8.0635],"tintindex":0,"rotation":0,"texture":"#1"},"down":{"uv":[4.749,8.0635,4.6885,8.124],"tintindex":0,"rotation":0,"texture":"#1"}},"rotation":{"origin":[7.9892178,9.174999,5.3575],"angle":-45.0,"axis":"z"}},{"from":[8.5,9.0,6.15],"to":[10.5,11.0,9.85],"faces":{"east":{"uv":[5.4385,3.8135,5.6865,3.9365],"tintindex":0,"rotation":0,"texture":"#1"},"south":{"uv":[6.4385,0.376,6.5615,0.499],"tintindex":0,"rotation":0,"texture":"#1"},"north":{"uv":[6.376,5.376,6.499,5.499],"tintindex":0,"rotation":0,"texture":"#1"},"west":{"uv":[5.4385,4.001,5.6865,4.124],"tintindex":0,"rotation":0,"texture":"#1"},"up":{"uv":[5.249,5.624,5.126,5.376],"tintindex":0,"rotation":0,"texture":"#1"},"down":{"uv":[1.749,5.4385,1.626,5.6865],"tintindex":0,"rotation":0,"texture":"#1"}}},{"from":[3.9,7.475,5.6],"to":[12.1,8.675,10.3],"faces":{"east":{"uv":[6.1885,5.626,6.499,5.6865],"tintindex":0,"rotation":0,"texture":"#1"},"south":{"uv":[5.4385,4.6885,5.9365,4.749],"tintindex":0,"rotation":0,"texture":"#1"},"north":{"uv":[5.376,0.251,5.874,0.3115],"tintindex":0,"rotation":0,"texture":"#1"},"west":{"uv":[6.251,0.626,6.5615,0.6865],"tintindex":0,"rotation":0,"texture":"#1"},"up":{"uv":[1.0615,2.6865,0.5635,2.376],"tintindex":0,"rotation":0,"texture":"#1"},"down":{"uv":[1.624,2.376,1.126,2.6865],"tintindex":0,"rotation":0,"texture":"#1"}}},{"from":[6.843146,17.86396,6.01],"to":[7.843146,18.86396,9.99],"faces":{"east":{"uv":[6.6885,2.6885,6.9365,2.749],"tintindex":0,"rotation":0,"texture":"#1"},"south":{"uv":[6.8135,8.001,6.874,8.0615],"tintindex":0,"rotation":0,"texture":"#1"},"north":{"uv":[6.6885,8.001,6.749,8.0615],"tintindex":0,"rotation":0,"texture":"#1"},"west":{"uv":[6.6885,2.8135,6.9365,2.874],"tintindex":0,"rotation":0,"texture":"#1"},"up":{"uv":[2.874,6.9365,2.8135,6.6885],"tintindex":0,"rotation":0,"texture":"#1"},"down":{"uv":[6.749,2.9385,6.6885,3.1865],"tintindex":0,"rotation":0,"texture":"#1"}},"rotation":{"origin":[-1.6568546,18.36396,9.5],"angle":-45.0,"axis":"z"}},{"from":[4.5,8.0,6.0],"to":[7.5,9.0,10.0],"faces":{"east":{"uv":[6.751,5.9385,6.999,5.999],"tintindex":0,"rotation":0,"texture":"#1"},"south":{"uv":[7.376,4.876,7.5615,4.9365],"tintindex":0,"rotation":0,"texture":"#1"},"north":{"uv":[3.9385,7.376,4.124,7.4365],"tintindex":0,"rotation":0,"texture":"#1"},"west":{"uv":[6.751,6.0635,6.999,6.124],"tintindex":0,"rotation":0,"texture":"#1"},"up":{"uv":[5.249,5.3115,5.0635,5.0635],"tintindex":0,"rotation":0,"texture":"#1"},"down":{"uv":[5.3115,0.001,5.126,0.249],"tintindex":0,"rotation":0,"texture":"#1"}}},{"from":[6.503,11.795893,5.7029996],"to":[7.497,12.789892,6.697],"faces":{"east":{"uv":[8.251,4.9385,8.3115,4.999],"tintindex":0,"rotation":0,"texture":"#1"},"south":{"uv":[8.251,5.0635,8.3115,5.124],"tintindex":0,"rotation":0,"texture":"#1"},"north":{"uv":[4.9385,8.251,4.999,8.3115],"tintindex":0,"rotation":0,"texture":"#1"},"west":{"uv":[8.251,5.1885,8.3115,5.249],"tintindex":0,"rotation":0,"texture":"#1"},"up":{"uv":[5.374,8.3115,5.3135,8.251],"tintindex":0,"rotation":0,"texture":"#1"},"down":{"uv":[8.3115,5.3135,8.251,5.374],"tintindex":0,"rotation":0,"texture":"#1"}},"rotation":{"origin":[7.0,12.292892,6.2],"angle":-45.0,"axis":"z"}},{"from":[7.636039,17.156855,6.01],"to":[9.136039,18.156855,9.99],"faces":{"east":{"uv":[6.8135,0.251,7.0615,0.3115],"tintindex":0,"rotation":0,"texture":"#1"},"south":{"uv":[7.6885,5.3135,7.8115,5.374],"tintindex":0,"rotation":0,"texture":"#1"},"north":{"uv":[7.6885,0.626,7.8115,0.6865],"tintindex":0,"rotation":0,"texture":"#1"},"west":{"uv":[6.8135,2.251,7.0615,2.3115],"tintindex":0,"rotation":0,"texture":"#1"},"up":{"uv":[5.5615,5.624,5.4385,5.376],"tintindex":0,"rotation":0,"texture":"#1"},"down":{"uv":[0.124,5.501,0.001,5.749],"tintindex":0,"rotation":0,"texture":"#1"}},"rotation":{"origin":[-0.8639612,17.656855,9.49],"angle":-45.0,"axis":"z"}},{"from":[7.0,9.0,5.7],"to":[9.0,13.0,6.7],"faces":{"east":{"uv":[6.626,6.876,6.6865,7.124],"tintindex":0,"rotation":0,"texture":"#1"},"south":{"uv":[5.751,1.9385,5.874,2.1865],"tintindex":0,"rotation":0,"texture":"#1"},"north":{"uv":[1.626,5.751,1.749,5.999],"tintindex":0,"rotation":0,"texture":"#1"},"west":{"uv":[2.3135,6.9385,2.374,7.1865],"tintindex":0,"rotation":0,"texture":"#1"},"up":{"uv":[3.8115,7.9365,3.6885,7.876],"tintindex":0,"rotation":0,"texture":"#1"},"down":{"uv":[7.999,3.6885,7.876,3.749],"tintindex":0,"rotation":0,"texture":"#1"}}},{"from":[7.6752977,7.2749996,5.54972],"to":[8.375298,9.174999,5.69028],"faces":{"east":{"uv":[7.6885,4.4385,7.749,4.5615],"tintindex":0,"rotation":0,"texture":"#1"},"south":{"uv":[7.6885,4.9385,7.749,5.0615],"tintindex":0,"rotation":0,"texture":"#1"},"north":{"uv":[4.3135,7.6885,4.374,7.8115],"tintindex":0,"rotation":0,"texture":"#1"},"west":{"uv":[7.6885,5.126,7.749,5.249],"tintindex":0,"rotation":0,"texture":"#1"},"up":{"uv":[8.124,5.999,8.0635,5.9385],"tintindex":0,"rotation":0,"texture":"#1"},"down":{"uv":[8.124,6.251,8.0635,6.3115],"tintindex":0,"rotation":0,"texture":"#1"}}},{"from":[10.601378,8.469107,9.713107],"to":[11.601378,12.469107,10.713107],"faces":{"east":{"uv":[5.0635,7.001,5.124,7.249],"tintindex":0,"rotation":0,"texture":"#1"},"south":{"uv":[5.1885,7.001,5.249,7.249],"tintindex":0,"rotation":0,"texture":"#1"},"north":{"uv":[4.9385,7.001,4.999,7.249],"tintindex":0,"rotation":0,"texture":"#1"},"west":{"uv":[7.001,5.251,7.0615,5.499],"tintindex":0,"rotation":0,"texture":"#1"},"up":{"uv":[3.8115,8.374,3.751,8.3135],"tintindex":0,"rotation":0,"texture":"#1"},"down":{"uv":[3.9365,8.3135,3.876,8.374],"tintindex":0,"rotation":0,"texture":"#1"}},"rotation":{"origin":[11.101378,8.969107,10.213107],"angle":-45.0,"axis":"y"}},{"from":[10.5,11.0,6.0],"to":[11.5,12.0,10.0],"faces":{"east":{"uv":[6.8135,0.001,7.0615,0.0615],"tintindex":0,"rotation":0,"texture":"#1"},"south":{"uv":[8.126,1.251,8.1865,1.3115],"tintindex":0,"rotation":0,"texture":"#1"},"north":{"uv":[8.126,1.126,8.1865,1.1865],"tintindex":0,"rotation":0,"texture":"#1"},"west":{"uv":[6.8135,0.126,7.0615,0.1865],"tintindex":0,"rotation":0,"texture":"#1"},"up":{"uv":[6.5615,6.999,6.501,6.751],"tintindex":0,"rotation":0,"texture":"#1"},"down":{"uv":[6.874,1.126,6.8135,1.374],"tintindex":0,"rotation":0,"texture":"#1"}}},{"from":[8.156855,17.86396,6.01],"to":[9.156855,18.86396,9.99],"faces":{"east":{"uv":[6.6885,3.251,6.9365,3.3115],"tintindex":0,"rotation":0,"texture":"#1"},"south":{"uv":[7.0635,8.001,7.124,8.0615],"tintindex":0,"rotation":0,"texture":"#1"},"north":{"uv":[6.9385,8.001,6.999,8.0615],"tintindex":0,"rotation":0,"texture":"#1"},"west":{"uv":[6.6885,3.376,6.9365,3.4365],"tintindex":0,"rotation":0,"texture":"#1"},"up":{"uv":[6.749,4.249,6.6885,4.001],"tintindex":0,"rotation":0,"texture":"#1"},"down":{"uv":[5.3115,6.6885,5.251,6.9365],"tintindex":0,"rotation":0,"texture":"#1"}},"rotation":{"origin":[17.656855,18.36396,9.5],"angle":45.0,"axis":"z"}},{"from":[8.725298,7.5249996,5.54972],"to":[9.425298,8.925,5.69028],"faces":{"east":{"uv":[8.0635,0.501,8.124,0.5615],"tintindex":0,"rotation":0,"texture":"#1"},"south":{"uv":[8.0635,0.876,8.124,0.9365],"tintindex":0,"rotation":0,"texture":"#1"},"north":{"uv":[8.0635,0.001,8.124,0.0615],"tintindex":0,"rotation":0,"texture":"#1"},"west":{"uv":[8.0635,1.001,8.124,1.0615],"tintindex":0,"rotation":0,"texture":"#1"},"up":{"uv":[1.4365,8.124,1.376,8.0635],"tintindex":0,"rotation":0,"texture":"#1"},"down":{"uv":[8.124,1.376,8.0635,1.4365],"tintindex":0,"rotation":0,"texture":"#1"}}},{"from":[4.3986216,8.469107,5.513107],"to":[5.3986216,12.469107,6.513107],"faces":{"east":{"uv":[6.9385,6.501,6.999,6.749],"tintindex":0,"rotation":0,"texture":"#1"},"south":{"uv":[6.751,6.9385,6.8115,7.1865],"tintindex":0,"rotation":0,"texture":"#1"},"north":{"uv":[6.9385,6.1885,6.999,6.4365],"tintindex":0,"rotation":0,"texture":"#1"},"west":{"uv":[6.9385,6.8135,6.999,7.0615],"tintindex":0,"rotation":0,"texture":"#1"},"up":{"uv":[6.999,8.3115,6.9385,8.251],"tintindex":0,"rotation":0,"texture":"#1"},"down":{"uv":[7.124,8.251,7.0635,8.3115],"tintindex":0,"rotation":0,"texture":"#1"}},"rotation":{"origin":[4.8986216,8.969107,6.013107],"angle":45.0,"axis":"y"}},{"from":[10.601378,8.469107,5.513107],"to":[11.601378,12.469107,6.513107],"faces":{"east":{"uv":[1.501,7.001,1.5615,7.249],"tintindex":0,"rotation":0,"texture":"#1"},"south":{"uv":[1.751,7.001,1.8115,7.249],"tintindex":0,"rotation":0,"texture":"#1"},"north":{"uv":[7.001,0.6885,7.0615,0.9365],"tintindex":0,"rotation":0,"texture":"#1"},"west":{"uv":[2.1885,7.001,2.249,7.249],"tintindex":0,"rotation":0,"texture":"#1"},"up":{"uv":[8.3115,7.3115,8.251,7.251],"tintindex":0,"rotation":0,"texture":"#1"},"down":{"uv":[8.3115,7.376,8.251,7.4365],"tintindex":0,"rotation":0,"texture":"#1"}},"rotation":{"origin":[11.101378,8.969107,6.013107],"angle":-45.0,"axis":"y"}},{"from":[6.5,6.0,6.075],"to":[9.5,8.0,9.925],"faces":{"east":{"uv":[5.4385,2.126,5.6865,2.249],"tintindex":0,"rotation":0,"texture":"#1"},"south":{"uv":[3.751,6.001,3.9365,6.124],"tintindex":0,"rotation":0,"texture":"#1"},"north":{"uv":[3.501,6.001,3.6865,6.124],"tintindex":0,"rotation":0,"texture":"#1"},"west":{"uv":[5.4385,3.0635,5.6865,3.1865],"tintindex":0,"rotation":0,"texture":"#1"},"up":{"uv":[5.249,3.3115,5.0635,3.0635],"tintindex":0,"rotation":0,"texture":"#1"},"down":{"uv":[5.249,3.376,5.0635,3.624],"tintindex":0,"rotation":0,"texture":"#1"}}},{"from":[4.5,9.0,6.0],"to":[5.5,11.0,10.0],"faces":{"east":{"uv":[5.4385,5.001,5.6865,5.124],"tintindex":0,"rotation":0,"texture":"#1"},"south":{"uv":[7.6885,3.876,7.749,3.999],"tintindex":0,"rotation":0,"texture":"#1"},"north":{"uv":[7.6885,3.4385,7.749,3.5615],"tintindex":0,"rotation":0,"texture":"#1"},"west":{"uv":[5.4385,5.1885,5.6865,5.3115],"tintindex":0,"rotation":0,"texture":"#1"},"up":{"uv":[6.0615,6.999,6.001,6.751],"tintindex":0,"rotation":0,"texture":"#1"},"down":{"uv":[6.1865,6.751,6.126,6.999],"tintindex":0,"rotation":0,"texture":"#1"}}},{"from":[8.818718,7.3044996,5.5535],"to":[9.312218,7.7980003,5.6865],"faces":{"east":{"uv":[3.4385,8.0635,3.499,8.124],"tintindex":0,"rotation":0,"texture":"#1"},"south":{"uv":[3.5635,8.0635,3.624,8.124],"tintindex":0,"rotation":0,"texture":"#1"},"north":{"uv":[3.3135,8.0635,3.374,8.124],"tintindex":0,"rotation":0,"texture":"#1"},"west":{"uv":[8.0635,3.6885,8.124,3.749],"tintindex":0,"rotation":0,"texture":"#1"},"up":{"uv":[3.874,8.124,3.8135,8.0635],"tintindex":0,"rotation":0,"texture":"#1"},"down":{"uv":[3.999,8.0635,3.9385,8.124],"tintindex":0,"rotation":0,"texture":"#1"}},"rotation":{"origin":[9.039218,7.5249996,5.3575],"angle":-45.0,"axis":"z"}},{"from":[8.5,8.0,6.0],"to":[11.5,9.0,10.0],"faces":{"east":{"uv":[6.751,2.126,6.999,2.1865],"tintindex":0,"rotation":0,"texture":"#1"},"south":{"uv":[7.376,3.8135,7.5615,3.874],"tintindex":0,"rotation":0,"texture":"#1"},"north":{"uv":[7.376,0.9385,7.5615,0.999],"tintindex":0,"rotation":0,"texture":"#1"},"west":{"uv":[3.0635,6.751,3.3115,6.8115],"tintindex":0,"rotation":0,"texture":"#1"},"up":{"uv":[4.749,5.3115,4.5635,5.0635],"tintindex":0,"rotation":0,"texture":"#1"},"down":{"uv":[4.999,5.0635,4.8135,5.3115],"tintindex":0,"rotation":0,"texture":"#1"}}},{"from":[6.7187176,7.3044996,5.5535],"to":[7.212218,7.7980003,5.6865],"faces":{"east":{"uv":[7.3135,8.0635,7.374,8.124],"tintindex":0,"rotation":0,"texture":"#1"},"south":{"uv":[8.0635,7.6885,8.124,7.749],"tintindex":0,"rotation":0,"texture":"#1"},"north":{"uv":[8.0635,7.1885,8.124,7.249],"tintindex":0,"rotation":0,"texture":"#1"},"west":{"uv":[8.001,8.0635,8.0615,8.124],"tintindex":0,"rotation":0,"texture":"#1"},"up":{"uv":[0.1865,8.1865,0.126,8.126],"tintindex":0,"rotation":0,"texture":"#1"},"down":{"uv":[0.3115,8.126,0.251,8.1865],"tintindex":0,"rotation":0,"texture":"#1"}},"rotation":{"origin":[6.9392176,7.5249996,5.3575],"angle":-45.0,"axis":"z"}},{"from":[8.818718,8.7045,5.5535],"to":[9.312218,9.198,5.6865],"faces":{"east":{"uv":[8.0635,1.626,8.124,1.6865],"tintindex":0,"rotation":0,"texture":"#1"},"south":{"uv":[8.0635,1.751,8.124,1.8115],"tintindex":0,"rotation":0,"texture":"#1"},"north":{"uv":[8.0635,1.501,8.124,1.5615],"tintindex":0,"rotation":0,"texture":"#1"},"west":{"uv":[2.126,8.0635,2.1865,8.124],"tintindex":0,"rotation":0,"texture":"#1"},"up":{"uv":[8.124,2.5615,8.0635,2.501],"tintindex":0,"rotation":0,"texture":"#1"},"down":{"uv":[2.9365,8.0635,2.876,8.124],"tintindex":0,"rotation":0,"texture":"#1"}},"rotation":{"origin":[9.039218,8.925,5.3575],"angle":-45.0,"axis":"z"}},{"from":[6.005,7.5,9.730393],"to":[9.995,9.5,10.730393],"faces":{"east":{"uv":[4.001,0.626,4.0615,0.749],"tintindex":0,"rotation":0,"texture":"#1"},"south":{"uv":[1.3135,5.4385,1.5615,5.5615],"tintindex":0,"rotation":0,"texture":"#1"},"north":{"uv":[5.4385,1.251,5.6865,1.374],"tintindex":0,"rotation":0,"texture":"#1"},"west":{"uv":[0.3135,5.0635,0.374,5.1865],"tintindex":0,"rotation":0,"texture":"#1"},"up":{"uv":[6.9365,3.5615,6.6885,3.501],"tintindex":0,"rotation":0,"texture":"#1"},"down":{"uv":[6.9365,4.3135,6.6885,4.374],"tintindex":0,"rotation":0,"texture":"#1"}},"rotation":{"origin":[8.5,9.0,10.230393],"angle":45.0,"axis":"x"}},{"from":[7.768718,7.0544996,5.5535],"to":[8.2622175,7.5480003,5.6865],"faces":{"east":{"uv":[5.0635,8.0635,5.124,8.124],"tintindex":0,"rotation":0,"texture":"#1"},"south":{"uv":[5.1885,8.0635,5.249,8.124],"tintindex":0,"rotation":0,"texture":"#1"},"north":{"uv":[8.0635,4.8135,8.124,4.874],"tintindex":0,"rotation":0,"texture":"#1"},"west":{"uv":[8.0635,5.501,8.124,5.5615],"tintindex":0,"rotation":0,"texture":"#1"},"up":{"uv":[5.874,8.124,5.8135,8.0635],"tintindex":0,"rotation":0,"texture":"#1"},"down":{"uv":[8.124,5.8135,8.0635,5.874],"tintindex":0,"rotation":0,"texture":"#1"}},"rotation":{"origin":[7.9892178,7.2749996,5.3575],"angle":-45.0,"axis":"z"}},{"from":[6.995,9.995,10.195],"to":[9.005,14.005,11.205],"faces":{"east":{"uv":[5.876,7.001,5.9365,7.249],"tintindex":0,"rotation":0,"texture":"#1"},"south":{"uv":[2.8135,5.751,2.9365,5.999],"tintindex":0,"rotation":0,"texture":"#1"},"north":{"uv":[2.626,5.751,2.749,5.999],"tintindex":0,"rotation":0,"texture":"#1"},"west":{"uv":[0.3135,7.0635,0.374,7.3115],"tintindex":0,"rotation":0,"texture":"#1"},"up":{"uv":[7.999,7.124,7.876,7.0635],"tintindex":0,"rotation":0,"texture":"#1"},"down":{"uv":[7.999,7.1885,7.876,7.249],"tintindex":0,"rotation":0,"texture":"#1"}}}],"display":{"gui":{"rotation":[30,225,0]}}}