{"textures":{"6":"modelengine:entity/fdefender_sfe_start"},"elements":[{"from":[7.85625,8.039354,3.2766724],"to":[7.85625,19.039352,13.776673],"faces":{"east":{"uv":[4.40625,5.03425,5.622,6.03125],"tintindex":0,"rotation":0,"texture":"#6"},"south":{"uv":[4.40625,5.03425,5.622,6.03125],"tintindex":0,"rotation":0,"texture":"#6"},"north":{"uv":[4.40625,5.03425,5.622,6.03125],"tintindex":0,"rotation":0,"texture":"#6"},"west":{"uv":[4.40625,5.03425,5.622,6.03125],"tintindex":0,"rotation":0,"texture":"#6"},"up":{"uv":[4.40625,5.03425,5.622,6.03125],"tintindex":0,"rotation":0,"texture":"#6"},"down":{"uv":[4.40625,5.03425,5.622,6.03125],"tintindex":0,"rotation":0,"texture":"#6"}},"rotation":{"origin":[7.85625,8.039354,8.289173],"angle":-22.5,"axis":"z"}},{"from":[7.85625,8.039354,2.7766724],"to":[7.85625,19.039352,13.776673],"faces":{"east":{"uv":[4.40625,5.03425,5.622,6.03125],"tintindex":0,"rotation":0,"texture":"#6"},"south":{"uv":[4.40625,5.03425,5.622,6.03125],"tintindex":0,"rotation":0,"texture":"#6"},"north":{"uv":[4.40625,5.03425,5.622,6.03125],"tintindex":0,"rotation":0,"texture":"#6"},"west":{"uv":[4.40625,5.03425,5.622,6.03125],"tintindex":0,"rotation":0,"texture":"#6"},"up":{"uv":[4.40625,5.03425,5.622,6.03125],"tintindex":0,"rotation":0,"texture":"#6"},"down":{"uv":[4.40625,5.03425,5.622,6.03125],"tintindex":0,"rotation":0,"texture":"#6"}},"rotation":{"origin":[7.85625,8.039354,8.289173],"angle":22.5,"axis":"z"}},{"from":[7.85625,8.039354,2.7766724],"to":[7.85625,20.039352,14.776673],"faces":{"east":{"uv":[4.40625,5.03425,5.622,6.03125],"tintindex":0,"rotation":0,"texture":"#6"},"south":{"uv":[4.40625,5.03425,5.622,6.03125],"tintindex":0,"rotation":0,"texture":"#6"},"north":{"uv":[4.40625,5.03425,5.622,6.03125],"tintindex":0,"rotation":0,"texture":"#6"},"west":{"uv":[4.40625,5.03425,5.622,6.03125],"tintindex":0,"rotation":0,"texture":"#6"},"up":{"uv":[4.40625,5.03425,5.622,6.03125],"tintindex":0,"rotation":0,"texture":"#6"},"down":{"uv":[4.40625,5.03425,5.622,6.03125],"tintindex":0,"rotation":0,"texture":"#6"}}}],"display":{"gui":{"rotation":[30,225,0]}}}