{"textures":{"4":"modelengine:entity/fravager_ravage_effects"},"elements":[{"from":[8.0,0.0,-6.0],"to":[8.0,28.0,22.0],"faces":{"east":{"uv":[4.0,6.0,6.0,8.0],"tintindex":0,"rotation":0,"texture":"#4"},"west":{"uv":[6.0,6.0,4.0,8.0],"tintindex":0,"rotation":0,"texture":"#4"}}},{"from":[-6.0,0.0,8.0],"to":[22.0,28.0,8.0],"faces":{"south":{"uv":[6.0,6.0,4.0,8.0],"tintindex":0,"rotation":0,"texture":"#4"},"north":{"uv":[4.0,6.0,6.0,8.0],"tintindex":0,"rotation":0,"texture":"#4"}}}],"display":{"gui":{"rotation":[30,225,0]}}}