{"textures":{"0":"modelengine:entity/em_nothingness"},"elements":[{"from":[-10.666668,8.0,-10.666668],"to":[26.666668,8.0,26.666668],"faces":{"east":{"uv":[0.0,0.0,2.0,2.0],"tintindex":0,"rotation":0,"texture":"#0"},"south":{"uv":[0.0,0.0,1.75,2.125],"tintindex":0,"rotation":0,"texture":"#0"},"north":{"uv":[0.0,0.0,1.75,2.125],"tintindex":0,"rotation":0,"texture":"#0"},"west":{"uv":[2.0,0.0,0.0,2.0],"tintindex":0,"rotation":0,"texture":"#0"},"up":{"uv":[0.0,0.0,1.84375,2.125],"tintindex":0,"rotation":180,"texture":"#0"},"down":{"uv":[0.0,0.0,1.84375,2.125],"tintindex":0,"rotation":180,"texture":"#0"}}}],"display":{"gui":{"rotation":[30,225,0]}}}