{"textures":{"10":"modelengine:entity/fdefender_firesourcesprit"},"elements":[{"from":[-8.0,-8.0,8.0],"to":[24.0,24.0,8.0],"faces":{"east":{"uv":[0.001,-0.016125,7.999,-0.03225],"tintindex":0,"rotation":270,"texture":"#10"},"south":{"uv":[9.9995,3.0005,9.0005,3.9995],"tintindex":0,"rotation":270,"texture":"#10"},"north":{"uv":[9.0005,3.0005,9.9995,3.9995],"tintindex":0,"rotation":90,"texture":"#10"},"west":{"uv":[0.001,-0.016125,7.999,-0.03225],"tintindex":0,"rotation":270,"texture":"#10"},"up":{"uv":[-0.016125,0.001,-0.03225,7.999],"tintindex":0,"rotation":270,"texture":"#10"},"down":{"uv":[-0.016125,0.001,-0.03225,7.999],"tintindex":0,"rotation":270,"texture":"#10"}}}],"display":{"gui":{"rotation":[30,225,0]}}}