{"textures":{"0":"modelengine:entity/fdefender_fire_crepit"},"elements":[{"from":[-8.0,-5.0,8.0],"to":[24.0,27.0,8.0],"faces":{"south":{"uv":[2.0,6.0,0.0,8.0],"tintindex":0,"rotation":0,"texture":"#0"},"north":{"uv":[0.0,6.0,2.0,8.0],"tintindex":0,"rotation":0,"texture":"#0"}}},{"from":[8.0,-5.0,-7.0],"to":[8.0,27.0,25.0],"faces":{"east":{"uv":[0.0,6.0,2.0,8.0],"tintindex":0,"rotation":0,"texture":"#0"},"west":{"uv":[2.0,6.0,0.0,8.0],"tintindex":0,"rotation":0,"texture":"#0"}}}],"display":{"gui":{"rotation":[30,225,0]}}}