{"textures":{"0":"modelengine:entity/boneshadingravager","1":"modelengine:entity/fallenravager"},"elements":[{"from":[11.94,14.14,5.515],"to":[13.06,20.26,10.635],"faces":{"east":{"uv":[2.876,0.001,3.1865,0.374],"tintindex":0,"rotation":0,"texture":"#1"},"south":{"uv":[4.001,6.001,4.0615,6.374],"tintindex":0,"rotation":0,"texture":"#1"},"north":{"uv":[2.4385,6.001,2.499,6.374],"tintindex":0,"rotation":0,"texture":"#1"},"west":{"uv":[0.4385,3.001,0.749,3.374],"tintindex":0,"rotation":0,"texture":"#1"},"up":{"uv":[2.374,6.499,2.3135,6.1885],"tintindex":0,"rotation":0,"texture":"#1"},"down":{"uv":[1.874,6.251,1.8135,6.5615],"tintindex":0,"rotation":0,"texture":"#1"}}},{"from":[7.5,17.0,4.7],"to":[8.5,19.0,5.7],"faces":{"east":{"uv":[7.8135,3.501,7.874,3.624],"tintindex":0,"rotation":0,"texture":"#1"},"south":{"uv":[7.8135,3.876,7.874,3.999],"tintindex":0,"rotation":0,"texture":"#1"},"north":{"uv":[7.8135,3.3135,7.874,3.4365],"tintindex":0,"rotation":0,"texture":"#1"},"west":{"uv":[7.8135,4.0635,7.874,4.1865],"tintindex":0,"rotation":0,"texture":"#1"},"up":{"uv":[8.249,6.9365,8.1885,6.876],"tintindex":0,"rotation":0,"texture":"#1"},"down":{"uv":[8.249,7.001,8.1885,7.0615],"tintindex":0,"rotation":0,"texture":"#1"}}},{"from":[4.5,-7.5,10.55],"to":[5.5,-5.5,11.55],"faces":{"east":{"uv":[5.6885,7.8135,5.749,7.9365],"tintindex":0,"rotation":0,"texture":"#1"},"south":{"uv":[7.8135,6.376,7.874,6.499],"tintindex":0,"rotation":0,"texture":"#1"},"north":{"uv":[5.5635,7.8135,5.624,7.9365],"tintindex":0,"rotation":0,"texture":"#1"},"west":{"uv":[7.501,7.8135,7.5615,7.9365],"tintindex":0,"rotation":0,"texture":"#1"},"up":{"uv":[8.249,7.1865,8.1885,7.126],"tintindex":0,"rotation":0,"texture":"#1"},"down":{"uv":[7.249,8.1885,7.1885,8.249],"tintindex":0,"rotation":0,"texture":"#1"}}},{"from":[1.5,3.5,10.55],"to":[14.5,6.5,11.55],"faces":{"east":{"uv":[2.9385,7.501,2.999,7.6865],"tintindex":0,"rotation":0,"texture":"#1"},"south":{"uv":[2.376,2.001,3.1865,2.1865],"tintindex":0,"rotation":0,"texture":"#1"},"north":{"uv":[2.376,2.001,3.1865,2.1865],"tintindex":0,"rotation":0,"texture":"#1"},"west":{"uv":[3.0635,7.501,3.124,7.6865],"tintindex":0,"rotation":0,"texture":"#1"},"up":{"uv":[5.6865,2.499,4.876,2.4385],"tintindex":0,"rotation":0,"texture":"#1"},"down":{"uv":[5.749,1.8135,4.9385,1.874],"tintindex":0,"rotation":0,"texture":"#1"}}},{"from":[6.7193265,-6.1175003,9.1797085],"to":[7.7293267,-2.1075,10.189709],"faces":{"east":{"uv":[3.1885,7.1885,3.249,7.4365],"tintindex":0,"rotation":0,"texture":"#1"},"south":{"uv":[3.3135,7.1885,3.374,7.4365],"tintindex":0,"rotation":0,"texture":"#1"},"north":{"uv":[3.0635,7.1885,3.124,7.4365],"tintindex":0,"rotation":0,"texture":"#1"},"west":{"uv":[3.4385,7.1885,3.499,7.4365],"tintindex":0,"rotation":0,"texture":"#1"},"up":{"uv":[8.4365,6.6865,8.376,6.626],"tintindex":0,"rotation":0,"texture":"#1"},"down":{"uv":[6.749,8.376,6.6885,8.4365],"tintindex":0,"rotation":0,"texture":"#1"}},"rotation":{"origin":[7.2243266,-4.1125,9.684709],"angle":22.5,"axis":"y"}},{"from":[3.8706732,-6.1175003,5.8102913],"to":[4.8806734,-2.1075,6.8202915],"faces":{"east":{"uv":[4.3135,7.126,4.374,7.374],"tintindex":0,"rotation":0,"texture":"#1"},"south":{"uv":[5.5635,7.126,5.624,7.374],"tintindex":0,"rotation":0,"texture":"#1"},"north":{"uv":[2.4385,7.126,2.499,7.374],"tintindex":0,"rotation":0,"texture":"#1"},"west":{"uv":[5.6885,7.126,5.749,7.374],"tintindex":0,"rotation":0,"texture":"#1"},"up":{"uv":[4.8115,8.4365,4.751,8.376],"tintindex":0,"rotation":0,"texture":"#1"},"down":{"uv":[4.9365,8.376,4.876,8.4365],"tintindex":0,"rotation":0,"texture":"#1"}},"rotation":{"origin":[4.3756733,-4.1125,6.3152914],"angle":22.5,"axis":"y"}},{"from":[5.6,0.0,5.5],"to":[6.6,3.0,6.5],"faces":{"east":{"uv":[1.0635,7.376,1.124,7.5615],"tintindex":0,"rotation":0,"texture":"#1"},"south":{"uv":[7.376,1.626,7.4365,1.8115],"tintindex":0,"rotation":0,"texture":"#1"},"north":{"uv":[7.376,0.376,7.4365,0.5615],"tintindex":0,"rotation":0,"texture":"#1"},"west":{"uv":[2.001,7.376,2.0615,7.5615],"tintindex":0,"rotation":0,"texture":"#1"},"up":{"uv":[8.0615,7.374,8.001,7.3135],"tintindex":0,"rotation":0,"texture":"#1"},"down":{"uv":[8.0615,7.4385,8.001,7.499],"tintindex":0,"rotation":0,"texture":"#1"}}},{"from":[4.6,0.0,5.5],"to":[5.6,2.0,6.5],"faces":{"east":{"uv":[7.876,7.3135,7.9365,7.4365],"tintindex":0,"rotation":0,"texture":"#1"},"south":{"uv":[7.376,7.876,7.4365,7.999],"tintindex":0,"rotation":0,"texture":"#1"},"north":{"uv":[7.251,7.876,7.3115,7.999],"tintindex":0,"rotation":0,"texture":"#1"},"west":{"uv":[7.876,7.501,7.9365,7.624],"tintindex":0,"rotation":0,"texture":"#1"},"up":{"uv":[1.9365,8.4365,1.876,8.376],"tintindex":0,"rotation":0,"texture":"#1"},"down":{"uv":[8.4365,1.876,8.376,1.9365],"tintindex":0,"rotation":0,"texture":"#1"}},"rotation":{"origin":[5.1,1.0,6.0],"angle":22.5,"axis":"y"}},{"from":[7.7091064,11.752,5.402],"to":[8.412213,12.455108,6.3980002],"faces":{"east":{"uv":[8.376,2.876,8.4365,2.9365],"tintindex":0,"rotation":0,"texture":"#1"},"south":{"uv":[3.001,8.376,3.0615,8.4365],"tintindex":0,"rotation":0,"texture":"#1"},"north":{"uv":[8.376,2.751,8.4365,2.8115],"tintindex":0,"rotation":0,"texture":"#1"},"west":{"uv":[8.376,3.001,8.4365,3.0615],"tintindex":0,"rotation":0,"texture":"#1"},"up":{"uv":[3.1865,8.4365,3.126,8.376],"tintindex":0,"rotation":0,"texture":"#1"},"down":{"uv":[8.4365,3.126,8.376,3.1865],"tintindex":0,"rotation":0,"texture":"#1"}},"rotation":{"origin":[8.207107,12.25,5.9],"angle":-45.0,"axis":"z"}},{"from":[9.30625,13.68125,6.0],"to":[11.30625,14.13125,6.15],"faces":{"east":{"uv":[15.025,0.0,16.0,0.5],"tintindex":0,"rotation":0,"texture":"#0"},"south":{"uv":[15.025,0.0,16.0,0.5],"tintindex":0,"rotation":0,"texture":"#0"},"north":{"uv":[15.025,0.0,16.0,0.5],"tintindex":0,"rotation":0,"texture":"#0"},"west":{"uv":[15.025,0.0,16.0,0.5],"tintindex":0,"rotation":0,"texture":"#0"},"up":{"uv":[15.025,0.0,16.0,0.5],"tintindex":0,"rotation":0,"texture":"#0"},"down":{"uv":[15.025,0.0,16.0,0.5],"tintindex":0,"rotation":0,"texture":"#0"}}},{"from":[10.495,16.995,10.287893],"to":[12.505,20.005,11.297894],"faces":{"east":{"uv":[7.5635,3.376,7.624,3.5615],"tintindex":0,"rotation":0,"texture":"#1"},"south":{"uv":[6.0635,6.126,6.1865,6.3115],"tintindex":0,"rotation":0,"texture":"#1"},"north":{"uv":[6.126,4.1885,6.249,4.374],"tintindex":0,"rotation":0,"texture":"#1"},"west":{"uv":[7.5635,3.9385,7.624,4.124],"tintindex":0,"rotation":0,"texture":"#1"},"up":{"uv":[7.999,6.999,7.876,6.9385],"tintindex":0,"rotation":0,"texture":"#1"},"down":{"uv":[7.1865,7.876,7.0635,7.9365],"tintindex":0,"rotation":0,"texture":"#1"}},"rotation":{"origin":[11.0,17.5,10.792893],"angle":45.0,"axis":"y"}},{"from":[8.15,3.0,6.0],"to":[12.15,8.0,10.0],"faces":{"east":{"uv":[3.751,2.5635,3.999,2.874],"tintindex":0,"rotation":0,"texture":"#1"},"south":{"uv":[3.8135,0.8135,4.0615,1.124],"tintindex":0,"rotation":0,"texture":"#1"},"north":{"uv":[0.001,3.751,0.249,4.0615],"tintindex":0,"rotation":0,"texture":"#1"},"west":{"uv":[1.6885,3.8135,1.9365,4.124],"tintindex":0,"rotation":0,"texture":"#1"},"up":{"uv":[4.499,4.8115,4.251,4.5635],"tintindex":0,"rotation":0,"texture":"#1"},"down":{"uv":[4.8115,4.501,4.5635,4.749],"tintindex":0,"rotation":0,"texture":"#1"}}},{"from":[3.4994,13.956508,5.4994],"to":[4.5006,14.957707,10.5006],"faces":{"east":{"uv":[6.3135,1.5635,6.624,1.624],"tintindex":0,"rotation":0,"texture":"#1"},"south":{"uv":[8.3135,0.001,8.374,0.0615],"tintindex":0,"rotation":0,"texture":"#1"},"north":{"uv":[0.001,8.3135,0.0615,8.374],"tintindex":0,"rotation":0,"texture":"#1"},"west":{"uv":[6.3135,2.376,6.624,2.4365],"tintindex":0,"rotation":0,"texture":"#1"},"up":{"uv":[2.124,6.6865,2.0635,6.376],"tintindex":0,"rotation":0,"texture":"#1"},"down":{"uv":[3.1865,6.376,3.126,6.6865],"tintindex":0,"rotation":0,"texture":"#1"}},"rotation":{"origin":[4.0,14.457108,6.0],"angle":-45.0,"axis":"z"}},{"from":[6.843146,17.86396,6.01],"to":[7.843146,18.86396,9.99],"faces":{"east":{"uv":[6.6885,2.6885,6.9365,2.749],"tintindex":0,"rotation":0,"texture":"#1"},"south":{"uv":[6.8135,8.001,6.874,8.0615],"tintindex":0,"rotation":0,"texture":"#1"},"north":{"uv":[6.6885,8.001,6.749,8.0615],"tintindex":0,"rotation":0,"texture":"#1"},"west":{"uv":[6.6885,2.8135,6.9365,2.874],"tintindex":0,"rotation":0,"texture":"#1"},"up":{"uv":[2.874,6.9365,2.8135,6.6885],"tintindex":0,"rotation":0,"texture":"#1"},"down":{"uv":[6.749,2.9385,6.6885,3.1865],"tintindex":0,"rotation":0,"texture":"#1"}},"rotation":{"origin":[-1.6568546,18.36396,9.5],"angle":-45.0,"axis":"z"}},{"from":[10.30625,12.68125,9.85],"to":[11.30625,13.13125,10.0],"faces":{"east":{"uv":[15.025,0.0,16.0,0.5],"tintindex":0,"rotation":0,"texture":"#0"},"south":{"uv":[15.025,0.0,16.0,0.5],"tintindex":0,"rotation":0,"texture":"#0"},"north":{"uv":[15.025,0.0,16.0,0.5],"tintindex":0,"rotation":0,"texture":"#0"},"west":{"uv":[15.025,0.0,16.0,0.5],"tintindex":0,"rotation":0,"texture":"#0"},"up":{"uv":[15.025,0.0,16.0,0.5],"tintindex":0,"rotation":0,"texture":"#0"},"down":{"uv":[15.025,0.0,16.0,0.5],"tintindex":0,"rotation":0,"texture":"#0"}}},{"from":[6.995,14.995,10.495],"to":[9.005,20.005,11.505],"faces":{"east":{"uv":[6.501,0.751,6.5615,1.0615],"tintindex":0,"rotation":0,"texture":"#1"},"south":{"uv":[1.251,3.5635,1.374,3.874],"tintindex":0,"rotation":0,"texture":"#1"},"north":{"uv":[1.4385,3.0635,1.5615,3.374],"tintindex":0,"rotation":0,"texture":"#1"},"west":{"uv":[0.8135,6.501,0.874,6.8115],"tintindex":0,"rotation":0,"texture":"#1"},"up":{"uv":[6.249,7.9365,6.126,7.876],"tintindex":0,"rotation":0,"texture":"#1"},"down":{"uv":[7.999,6.251,7.876,6.3115],"tintindex":0,"rotation":0,"texture":"#1"}}},{"from":[9.30625,13.68125,9.85],"to":[11.30625,14.13125,10.0],"faces":{"east":{"uv":[15.025,0.0,16.0,0.5],"tintindex":0,"rotation":0,"texture":"#0"},"south":{"uv":[15.025,0.0,16.0,0.5],"tintindex":0,"rotation":0,"texture":"#0"},"north":{"uv":[15.025,0.0,16.0,0.5],"tintindex":0,"rotation":0,"texture":"#0"},"west":{"uv":[15.025,0.0,16.0,0.5],"tintindex":0,"rotation":0,"texture":"#0"},"up":{"uv":[15.025,0.0,16.0,0.5],"tintindex":0,"rotation":0,"texture":"#0"},"down":{"uv":[15.025,0.0,16.0,0.5],"tintindex":0,"rotation":0,"texture":"#0"}}},{"from":[9.506,15.213107,10.006],"to":[11.494,16.201107,10.994],"faces":{"east":{"uv":[4.126,8.3135,4.1865,8.374],"tintindex":0,"rotation":0,"texture":"#1"},"south":{"uv":[7.876,5.8135,7.999,5.874],"tintindex":0,"rotation":0,"texture":"#1"},"north":{"uv":[7.876,4.8135,7.999,4.874],"tintindex":0,"rotation":0,"texture":"#1"},"west":{"uv":[4.251,8.3135,4.3115,8.374],"tintindex":0,"rotation":0,"texture":"#1"},"up":{"uv":[6.0615,7.9365,5.9385,7.876],"tintindex":0,"rotation":0,"texture":"#1"},"down":{"uv":[7.999,5.9385,7.876,5.999],"tintindex":0,"rotation":0,"texture":"#1"}},"rotation":{"origin":[10.0,15.707108,10.5],"angle":45.0,"axis":"z"}},{"from":[11.119327,-6.1175003,9.1797085],"to":[12.129327,-2.1075,10.189709],"faces":{"east":{"uv":[3.5635,7.1885,3.624,7.4365],"tintindex":0,"rotation":0,"texture":"#1"},"south":{"uv":[7.1885,5.6885,7.249,5.9365],"tintindex":0,"rotation":0,"texture":"#1"},"north":{"uv":[7.1885,3.501,7.249,3.749],"tintindex":0,"rotation":0,"texture":"#1"},"west":{"uv":[7.1885,6.001,7.249,6.249],"tintindex":0,"rotation":0,"texture":"#1"},"up":{"uv":[6.874,8.4365,6.8135,8.376],"tintindex":0,"rotation":0,"texture":"#1"},"down":{"uv":[6.999,8.376,6.9385,8.4365],"tintindex":0,"rotation":0,"texture":"#1"}},"rotation":{"origin":[11.624327,-4.1125,9.684709],"angle":22.5,"axis":"y"}},{"from":[4.5,8.0,6.0],"to":[7.5,9.0,10.0],"faces":{"east":{"uv":[6.751,5.9385,6.999,5.999],"tintindex":0,"rotation":0,"texture":"#1"},"south":{"uv":[7.376,4.876,7.5615,4.9365],"tintindex":0,"rotation":0,"texture":"#1"},"north":{"uv":[3.9385,7.376,4.124,7.4365],"tintindex":0,"rotation":0,"texture":"#1"},"west":{"uv":[6.751,6.0635,6.999,6.124],"tintindex":0,"rotation":0,"texture":"#1"},"up":{"uv":[5.249,5.3115,5.0635,5.0635],"tintindex":0,"rotation":0,"texture":"#1"},"down":{"uv":[5.3115,0.001,5.126,0.249],"tintindex":0,"rotation":0,"texture":"#1"}}},{"from":[7.636039,17.156855,6.01],"to":[9.136039,18.156855,9.99],"faces":{"east":{"uv":[6.8135,0.251,7.0615,0.3115],"tintindex":0,"rotation":0,"texture":"#1"},"south":{"uv":[7.6885,5.3135,7.8115,5.374],"tintindex":0,"rotation":0,"texture":"#1"},"north":{"uv":[7.6885,0.626,7.8115,0.6865],"tintindex":0,"rotation":0,"texture":"#1"},"west":{"uv":[6.8135,2.251,7.0615,2.3115],"tintindex":0,"rotation":0,"texture":"#1"},"up":{"uv":[5.5615,5.624,5.4385,5.376],"tintindex":0,"rotation":0,"texture":"#1"},"down":{"uv":[0.124,5.501,0.001,5.749],"tintindex":0,"rotation":0,"texture":"#1"}},"rotation":{"origin":[-0.8639612,17.656855,9.49],"angle":-45.0,"axis":"z"}},{"from":[8.075,-7.0,6.0],"to":[12.175,-6.0,10.025],"faces":{"east":{"uv":[7.126,5.001,7.374,5.0615],"tintindex":0,"rotation":0,"texture":"#1"},"south":{"uv":[7.126,5.126,7.374,5.1865],"tintindex":0,"rotation":0,"texture":"#1"},"north":{"uv":[7.126,4.5635,7.374,4.624],"tintindex":0,"rotation":0,"texture":"#1"},"west":{"uv":[7.126,5.251,7.374,5.3115],"tintindex":0,"rotation":0,"texture":"#1"},"up":{"uv":[0.999,5.0615,0.751,4.8135],"tintindex":0,"rotation":0,"texture":"#1"},"down":{"uv":[1.624,4.8135,1.376,5.0615],"tintindex":0,"rotation":0,"texture":"#1"}}},{"from":[7.0,14.0,5.5],"to":[9.0,17.0,7.5],"faces":{"east":{"uv":[1.501,3.9385,1.624,4.124],"tintindex":0,"rotation":0,"texture":"#1"},"south":{"uv":[4.501,6.001,4.624,6.1865],"tintindex":0,"rotation":0,"texture":"#1"},"north":{"uv":[3.5635,2.5635,3.6865,2.749],"tintindex":0,"rotation":0,"texture":"#1"},"west":{"uv":[4.6885,6.001,4.8115,6.1865],"tintindex":0,"rotation":0,"texture":"#1"},"up":{"uv":[6.874,6.6865,6.751,6.5635],"tintindex":0,"rotation":0,"texture":"#1"},"down":{"uv":[6.874,6.751,6.751,6.874],"tintindex":0,"rotation":0,"texture":"#1"}}},{"from":[6.5,6.0,6.075],"to":[9.5,8.0,9.925],"faces":{"east":{"uv":[5.4385,2.126,5.6865,2.249],"tintindex":0,"rotation":0,"texture":"#1"},"south":{"uv":[3.751,6.001,3.9365,6.124],"tintindex":0,"rotation":0,"texture":"#1"},"north":{"uv":[3.501,6.001,3.6865,6.124],"tintindex":0,"rotation":0,"texture":"#1"},"west":{"uv":[5.4385,3.0635,5.6865,3.1865],"tintindex":0,"rotation":0,"texture":"#1"},"up":{"uv":[5.249,3.3115,5.0635,3.0635],"tintindex":0,"rotation":0,"texture":"#1"},"down":{"uv":[5.249,3.376,5.0635,3.624],"tintindex":0,"rotation":0,"texture":"#1"}}},{"from":[9.146999,-5.3504996,1.6995],"to":[11.163001,-4.3345,3.7154999],"faces":{"east":{"uv":[7.9385,3.4385,8.0615,3.499],"tintindex":0,"rotation":0,"texture":"#1"},"south":{"uv":[3.501,7.9385,3.624,7.999],"tintindex":0,"rotation":0,"texture":"#1"},"north":{"uv":[7.9385,3.3135,8.0615,3.374],"tintindex":0,"rotation":0,"texture":"#1"},"west":{"uv":[7.9385,3.5635,8.0615,3.624],"tintindex":0,"rotation":0,"texture":"#1"},"up":{"uv":[7.374,1.4365,7.251,1.3135],"tintindex":0,"rotation":0,"texture":"#1"},"down":{"uv":[7.374,2.1885,7.251,2.3115],"tintindex":0,"rotation":0,"texture":"#1"}},"rotation":{"origin":[11.155001,-4.8424997,2.295],"angle":45.0,"axis":"x"}},{"from":[2.5,17.5,10.55],"to":[13.5,20.5,11.55],"faces":{"east":{"uv":[1.5635,7.501,1.624,7.6865],"tintindex":0,"rotation":0,"texture":"#1"},"south":{"uv":[2.126,2.751,2.8115,2.9365],"tintindex":0,"rotation":0,"texture":"#1"},"north":{"uv":[2.126,2.751,2.8115,2.9365],"tintindex":0,"rotation":0,"texture":"#1"},"west":{"uv":[1.876,7.501,1.9365,7.6865],"tintindex":0,"rotation":0,"texture":"#1"},"up":{"uv":[5.749,3.749,5.0635,3.6885],"tintindex":0,"rotation":0,"texture":"#1"},"down":{"uv":[5.8115,1.4385,5.126,1.499],"tintindex":0,"rotation":0,"texture":"#1"}}},{"from":[4.495,16.995,5.2021065],"to":[5.505,20.005,6.2121067],"faces":{"east":{"uv":[1.376,4.5635,1.4365,4.749],"tintindex":0,"rotation":0,"texture":"#1"},"south":{"uv":[7.3135,6.4385,7.374,6.624],"tintindex":0,"rotation":0,"texture":"#1"},"north":{"uv":[0.751,4.251,0.8115,4.4365],"tintindex":0,"rotation":0,"texture":"#1"},"west":{"uv":[0.251,7.376,0.3115,7.5615],"tintindex":0,"rotation":0,"texture":"#1"},"up":{"uv":[0.749,3.499,0.6885,3.4385],"tintindex":0,"rotation":0,"texture":"#1"},"down":{"uv":[2.6865,4.0635,2.626,4.124],"tintindex":0,"rotation":0,"texture":"#1"}},"rotation":{"origin":[5.0,17.5,5.7071066],"angle":45.0,"axis":"y"}},{"from":[2.5,-2.5,10.55],"to":[6.5,0.5,11.55],"faces":{"east":{"uv":[3.4385,7.501,3.499,7.6865],"tintindex":0,"rotation":0,"texture":"#1"},"south":{"uv":[5.126,1.9385,5.374,2.124],"tintindex":0,"rotation":0,"texture":"#1"},"north":{"uv":[5.126,1.9385,5.374,2.124],"tintindex":0,"rotation":0,"texture":"#1"},"west":{"uv":[3.5635,7.501,3.624,7.6865],"tintindex":0,"rotation":0,"texture":"#1"},"up":{"uv":[7.124,1.0615,6.876,1.001],"tintindex":0,"rotation":0,"texture":"#1"},"down":{"uv":[3.9365,6.876,3.6885,6.9365],"tintindex":0,"rotation":0,"texture":"#1"}}},{"from":[7.768718,7.0544996,5.5535],"to":[8.2622175,7.5480003,5.6865],"faces":{"east":{"uv":[5.0635,8.0635,5.124,8.124],"tintindex":0,"rotation":0,"texture":"#1"},"south":{"uv":[5.1885,8.0635,5.249,8.124],"tintindex":0,"rotation":0,"texture":"#1"},"north":{"uv":[8.0635,4.8135,8.124,4.874],"tintindex":0,"rotation":0,"texture":"#1"},"west":{"uv":[8.0635,5.501,8.124,5.5615],"tintindex":0,"rotation":0,"texture":"#1"},"up":{"uv":[5.874,8.124,5.8135,8.0635],"tintindex":0,"rotation":0,"texture":"#1"},"down":{"uv":[8.124,5.8135,8.0635,5.874],"tintindex":0,"rotation":0,"texture":"#1"}},"rotation":{"origin":[7.9892178,7.2749996,5.3575],"angle":-45.0,"axis":"z"}},{"from":[6.995,9.995,10.195],"to":[9.005,14.005,11.205],"faces":{"east":{"uv":[5.876,7.001,5.9365,7.249],"tintindex":0,"rotation":0,"texture":"#1"},"south":{"uv":[2.8135,5.751,2.9365,5.999],"tintindex":0,"rotation":0,"texture":"#1"},"north":{"uv":[2.626,5.751,2.749,5.999],"tintindex":0,"rotation":0,"texture":"#1"},"west":{"uv":[0.3135,7.0635,0.374,7.3115],"tintindex":0,"rotation":0,"texture":"#1"},"up":{"uv":[7.999,7.124,7.876,7.0635],"tintindex":0,"rotation":0,"texture":"#1"},"down":{"uv":[7.999,7.1885,7.876,7.249],"tintindex":0,"rotation":0,"texture":"#1"}}},{"from":[3.625,-2.15,5.825],"to":[7.925,-0.85,10.125],"faces":{"east":{"uv":[6.751,4.9385,6.999,4.999],"tintindex":0,"rotation":0,"texture":"#1"},"south":{"uv":[6.751,5.6885,6.999,5.749],"tintindex":0,"rotation":0,"texture":"#1"},"north":{"uv":[6.751,3.876,6.999,3.9365],"tintindex":0,"rotation":0,"texture":"#1"},"west":{"uv":[6.751,5.8135,6.999,5.874],"tintindex":0,"rotation":0,"texture":"#1"},"up":{"uv":[4.624,2.8115,4.376,2.5635],"tintindex":0,"rotation":0,"texture":"#1"},"down":{"uv":[3.249,4.376,3.001,4.624],"tintindex":0,"rotation":0,"texture":"#1"}}},{"from":[3.8249998,-7.0,6.0],"to":[7.925,-6.0,10.025],"faces":{"east":{"uv":[6.751,1.751,6.999,1.8115],"tintindex":0,"rotation":0,"texture":"#1"},"south":{"uv":[6.751,1.876,6.999,1.9365],"tintindex":0,"rotation":0,"texture":"#1"},"north":{"uv":[6.751,1.626,6.999,1.6865],"tintindex":0,"rotation":0,"texture":"#1"},"west":{"uv":[6.751,2.001,6.999,2.0615],"tintindex":0,"rotation":0,"texture":"#1"},"up":{"uv":[3.874,4.499,3.626,4.251],"tintindex":0,"rotation":0,"texture":"#1"},"down":{"uv":[4.1865,4.251,3.9385,4.499],"tintindex":0,"rotation":0,"texture":"#1"}}},{"from":[8.270674,-6.1175003,5.8102913],"to":[9.280673,-2.1075,6.8202915],"faces":{"east":{"uv":[0.4385,7.1885,0.499,7.4365],"tintindex":0,"rotation":0,"texture":"#1"},"south":{"uv":[0.5635,7.1885,0.624,7.4365],"tintindex":0,"rotation":0,"texture":"#1"},"north":{"uv":[0.126,7.1885,0.1865,7.4365],"tintindex":0,"rotation":0,"texture":"#1"},"west":{"uv":[0.6885,7.1885,0.749,7.4365],"tintindex":0,"rotation":0,"texture":"#1"},"up":{"uv":[8.4365,5.249,8.376,5.1885],"tintindex":0,"rotation":0,"texture":"#1"},"down":{"uv":[5.374,8.376,5.3135,8.4365],"tintindex":0,"rotation":0,"texture":"#1"}},"rotation":{"origin":[8.775674,-4.1125,6.3152914],"angle":22.5,"axis":"y"}},{"from":[8.4,-6.0,6.0],"to":[11.9,-2.0,10.0],"faces":{"east":{"uv":[4.6885,2.5635,4.9365,2.8115],"tintindex":0,"rotation":0,"texture":"#1"},"south":{"uv":[3.001,4.6885,3.249,4.9365],"tintindex":0,"rotation":0,"texture":"#1"},"north":{"uv":[4.626,1.626,4.874,1.874],"tintindex":0,"rotation":0,"texture":"#1"},"west":{"uv":[4.751,2.876,4.999,3.124],"tintindex":0,"rotation":0,"texture":"#1"},"up":{"uv":[4.999,3.4365,4.751,3.1885],"tintindex":0,"rotation":0,"texture":"#1"},"down":{"uv":[4.999,3.501,4.751,3.749],"tintindex":0,"rotation":0,"texture":"#1"}}},{"from":[11.096757,11.662606,5.506],"to":[12.084758,12.650607,10.494],"faces":{"east":{"uv":[6.376,2.126,6.6865,2.1865],"tintindex":0,"rotation":0,"texture":"#1"},"south":{"uv":[1.376,8.3135,1.4365,8.374],"tintindex":0,"rotation":0,"texture":"#1"},"north":{"uv":[1.251,8.3135,1.3115,8.374],"tintindex":0,"rotation":0,"texture":"#1"},"west":{"uv":[6.376,4.9385,6.6865,4.999],"tintindex":0,"rotation":0,"texture":"#1"},"up":{"uv":[6.499,3.1865,6.4385,2.876],"tintindex":0,"rotation":0,"texture":"#1"},"down":{"uv":[4.0615,6.4385,4.001,6.749],"tintindex":0,"rotation":0,"texture":"#1"}},"rotation":{"origin":[11.590757,12.469107,6.0],"angle":45.0,"axis":"z"}},{"from":[5.0,16.0,10.0],"to":[11.0,20.0,11.0],"faces":{"east":{"uv":[5.3135,7.001,5.374,7.249],"tintindex":0,"rotation":0,"texture":"#1"},"south":{"uv":[3.376,1.0635,3.749,1.3115],"tintindex":0,"rotation":0,"texture":"#1"},"north":{"uv":[3.3135,2.8135,3.6865,3.0615],"tintindex":0,"rotation":0,"texture":"#1"},"west":{"uv":[5.4385,7.001,5.499,7.249],"tintindex":0,"rotation":0,"texture":"#1"},"up":{"uv":[6.499,3.624,6.126,3.5635],"tintindex":0,"rotation":0,"texture":"#1"},"down":{"uv":[6.499,3.6885,6.126,3.749],"tintindex":0,"rotation":0,"texture":"#1"}}},{"from":[6.6,0.0,5.5],"to":[7.6,2.0,6.5],"faces":{"east":{"uv":[0.376,7.9385,0.4365,8.0615],"tintindex":0,"rotation":0,"texture":"#1"},"south":{"uv":[0.501,7.9385,0.5615,8.0615],"tintindex":0,"rotation":0,"texture":"#1"},"north":{"uv":[7.9385,0.001,7.999,0.124],"tintindex":0,"rotation":0,"texture":"#1"},"west":{"uv":[0.626,7.9385,0.6865,8.0615],"tintindex":0,"rotation":0,"texture":"#1"},"up":{"uv":[2.0615,8.4365,2.001,8.376],"tintindex":0,"rotation":0,"texture":"#1"},"down":{"uv":[8.4365,2.126,8.376,2.1865],"tintindex":0,"rotation":0,"texture":"#1"}},"rotation":{"origin":[7.1,1.0,6.0],"angle":-22.5,"axis":"y"}},{"from":[10.5,9.0,6.0],"to":[11.5,11.0,10.0],"faces":{"east":{"uv":[5.4385,3.251,5.6865,3.374],"tintindex":0,"rotation":0,"texture":"#1"},"south":{"uv":[6.4385,3.251,6.499,3.374],"tintindex":0,"rotation":0,"texture":"#1"},"north":{"uv":[6.4385,1.376,6.499,1.499],"tintindex":0,"rotation":0,"texture":"#1"},"west":{"uv":[5.4385,3.4385,5.6865,3.5615],"tintindex":0,"rotation":0,"texture":"#1"},"up":{"uv":[0.999,6.999,0.9385,6.751],"tintindex":0,"rotation":0,"texture":"#1"},"down":{"uv":[2.124,6.751,2.0635,6.999],"tintindex":0,"rotation":0,"texture":"#1"}}},{"from":[4.5,11.0,6.0],"to":[5.5,12.0,10.0],"faces":{"east":{"uv":[6.8135,2.376,7.0615,2.4365],"tintindex":0,"rotation":0,"texture":"#1"},"south":{"uv":[1.751,8.126,1.8115,8.1865],"tintindex":0,"rotation":0,"texture":"#1"},"north":{"uv":[1.501,8.126,1.5615,8.1865],"tintindex":0,"rotation":0,"texture":"#1"},"west":{"uv":[6.8135,2.501,7.0615,2.5615],"tintindex":0,"rotation":0,"texture":"#1"},"up":{"uv":[2.499,7.0615,2.4385,6.8135],"tintindex":0,"rotation":0,"texture":"#1"},"down":{"uv":[6.874,2.9385,6.8135,3.1865],"tintindex":0,"rotation":0,"texture":"#1"}}},{"from":[0.5,8.5,10.55],"to":[15.5,14.5,11.55],"faces":{"east":{"uv":[0.876,6.0635,0.9365,6.4365],"tintindex":0,"rotation":0,"texture":"#1"},"south":{"uv":[1.001,0.4385,1.9365,0.8115],"tintindex":0,"rotation":0,"texture":"#1"},"north":{"uv":[1.001,0.4385,1.9365,0.8115],"tintindex":0,"rotation":0,"texture":"#1"},"west":{"uv":[3.001,6.0635,3.0615,6.4365],"tintindex":0,"rotation":0,"texture":"#1"},"up":{"uv":[4.749,1.3115,3.8135,1.251],"tintindex":0,"rotation":0,"texture":"#1"},"down":{"uv":[5.8115,0.376,4.876,0.4365],"tintindex":0,"rotation":0,"texture":"#1"}}},{"from":[8.1449995,-7.005,2.995],"to":[12.155,-4.995,10.005],"faces":{"east":{"uv":[4.9385,3.8135,5.374,3.9365],"tintindex":0,"rotation":0,"texture":"#1"},"south":{"uv":[5.751,4.001,5.999,4.124],"tintindex":0,"rotation":0,"texture":"#1"},"north":{"uv":[5.751,3.8135,5.999,3.9365],"tintindex":0,"rotation":0,"texture":"#1"},"west":{"uv":[4.9385,4.001,5.374,4.124],"tintindex":0,"rotation":0,"texture":"#1"},"up":{"uv":[1.0615,3.499,0.8135,3.0635],"tintindex":0,"rotation":0,"texture":"#1"},"down":{"uv":[1.374,3.0635,1.126,3.499],"tintindex":0,"rotation":0,"texture":"#1"}}},{"from":[11.119327,-6.1175003,5.8102913],"to":[12.129327,-2.1075,6.8202915],"faces":{"east":{"uv":[7.001,7.126,7.0615,7.374],"tintindex":0,"rotation":0,"texture":"#1"},"south":{"uv":[7.126,7.126,7.1865,7.374],"tintindex":0,"rotation":0,"texture":"#1"},"north":{"uv":[6.876,7.126,6.9365,7.374],"tintindex":0,"rotation":0,"texture":"#1"},"west":{"uv":[0.001,7.1885,0.0615,7.4365],"tintindex":0,"rotation":0,"texture":"#1"},"up":{"uv":[8.4365,4.999,8.376,4.9385],"tintindex":0,"rotation":0,"texture":"#1"},"down":{"uv":[8.4365,5.0635,8.376,5.124],"tintindex":0,"rotation":0,"texture":"#1"}},"rotation":{"origin":[11.624327,-4.1125,6.3152914],"angle":-22.5,"axis":"y"}},{"from":[3.8449998,-7.005,2.995],"to":[7.855,-4.995,10.005],"faces":{"east":{"uv":[4.9385,0.626,5.374,0.749],"tintindex":0,"rotation":0,"texture":"#1"},"south":{"uv":[5.4385,4.8135,5.6865,4.9365],"tintindex":0,"rotation":0,"texture":"#1"},"north":{"uv":[4.126,5.4385,4.374,5.5615],"tintindex":0,"rotation":0,"texture":"#1"},"west":{"uv":[4.9385,0.8135,5.374,0.9365],"tintindex":0,"rotation":0,"texture":"#1"},"up":{"uv":[2.624,3.4365,2.376,3.001],"tintindex":0,"rotation":0,"texture":"#1"},"down":{"uv":[3.249,2.751,3.001,3.1865],"tintindex":0,"rotation":0,"texture":"#1"}}},{"from":[6.503,12.795893,10.203],"to":[7.497,13.789892,11.197],"faces":{"east":{"uv":[8.3135,6.8135,8.374,6.874],"tintindex":0,"rotation":0,"texture":"#1"},"south":{"uv":[8.3135,6.9385,8.374,6.999],"tintindex":0,"rotation":0,"texture":"#1"},"north":{"uv":[6.5635,8.3135,6.624,8.374],"tintindex":0,"rotation":0,"texture":"#1"},"west":{"uv":[8.3135,7.0635,8.374,7.124],"tintindex":0,"rotation":0,"texture":"#1"},"up":{"uv":[7.249,8.374,7.1885,8.3135],"tintindex":0,"rotation":0,"texture":"#1"},"down":{"uv":[7.374,8.3135,7.3135,8.374],"tintindex":0,"rotation":0,"texture":"#1"}},"rotation":{"origin":[7.0,13.292892,10.7],"angle":-45.0,"axis":"z"}},{"from":[11.295379,12.463106,5.5],"to":[12.295379,14.463106,6.5],"faces":{"east":{"uv":[2.126,7.876,2.1865,7.999],"tintindex":0,"rotation":0,"texture":"#1"},"south":{"uv":[4.1885,7.876,4.249,7.999],"tintindex":0,"rotation":0,"texture":"#1"},"north":{"uv":[1.376,7.876,1.4365,7.999],"tintindex":0,"rotation":0,"texture":"#1"},"west":{"uv":[4.3135,7.876,4.374,7.999],"tintindex":0,"rotation":0,"texture":"#1"},"up":{"uv":[7.499,8.3115,7.4385,8.251],"tintindex":0,"rotation":0,"texture":"#1"},"down":{"uv":[8.3115,7.501,8.251,7.5615],"tintindex":0,"rotation":0,"texture":"#1"}}},{"from":[7.768718,8.9545,5.5535],"to":[8.2622175,9.448,5.6865],"faces":{"east":{"uv":[4.3135,8.0635,4.374,8.124],"tintindex":0,"rotation":0,"texture":"#1"},"south":{"uv":[4.4385,8.0635,4.499,8.124],"tintindex":0,"rotation":0,"texture":"#1"},"north":{"uv":[4.1885,8.0635,4.249,8.124],"tintindex":0,"rotation":0,"texture":"#1"},"west":{"uv":[8.0635,4.4385,8.124,4.499],"tintindex":0,"rotation":0,"texture":"#1"},"up":{"uv":[4.624,8.124,4.5635,8.0635],"tintindex":0,"rotation":0,"texture":"#1"},"down":{"uv":[4.749,8.0635,4.6885,8.124],"tintindex":0,"rotation":0,"texture":"#1"}},"rotation":{"origin":[7.9892178,9.174999,5.3575],"angle":-45.0,"axis":"z"}},{"from":[4.69375,13.68125,9.85],"to":[6.69375,14.13125,10.0],"faces":{"east":{"uv":[15.025,0.0,16.0,0.5],"tintindex":0,"rotation":0,"texture":"#0"},"south":{"uv":[15.025,0.0,16.0,0.5],"tintindex":0,"rotation":0,"texture":"#0"},"north":{"uv":[15.025,0.0,16.0,0.5],"tintindex":0,"rotation":0,"texture":"#0"},"west":{"uv":[15.025,0.0,16.0,0.5],"tintindex":0,"rotation":0,"texture":"#0"},"up":{"uv":[15.025,0.0,16.0,0.5],"tintindex":0,"rotation":0,"texture":"#0"},"down":{"uv":[15.025,0.0,16.0,0.5],"tintindex":0,"rotation":0,"texture":"#0"}}},{"from":[3.9,7.475,5.6],"to":[12.1,8.675,10.3],"faces":{"east":{"uv":[6.1885,5.626,6.499,5.6865],"tintindex":0,"rotation":0,"texture":"#1"},"south":{"uv":[5.4385,4.6885,5.9365,4.749],"tintindex":0,"rotation":0,"texture":"#1"},"north":{"uv":[5.376,0.251,5.874,0.3115],"tintindex":0,"rotation":0,"texture":"#1"},"west":{"uv":[6.251,0.626,6.5615,0.6865],"tintindex":0,"rotation":0,"texture":"#1"},"up":{"uv":[1.0615,2.6865,0.5635,2.376],"tintindex":0,"rotation":0,"texture":"#1"},"down":{"uv":[1.624,2.376,1.126,2.6865],"tintindex":0,"rotation":0,"texture":"#1"}}},{"from":[3.85,3.0,6.0],"to":[7.85,8.0,10.0],"faces":{"east":{"uv":[2.3135,3.501,2.5615,3.8115],"tintindex":0,"rotation":0,"texture":"#1"},"south":{"uv":[3.501,3.126,3.749,3.4365],"tintindex":0,"rotation":0,"texture":"#1"},"north":{"uv":[2.001,3.4385,2.249,3.749],"tintindex":0,"rotation":0,"texture":"#1"},"west":{"uv":[3.501,3.501,3.749,3.8115],"tintindex":0,"rotation":0,"texture":"#1"},"up":{"uv":[3.249,4.3115,3.001,4.0635],"tintindex":0,"rotation":0,"texture":"#1"},"down":{"uv":[4.3115,3.9385,4.0635,4.1865],"tintindex":0,"rotation":0,"texture":"#1"}}},{"from":[1.5,0.5,10.55],"to":[6.5,3.5,11.55],"faces":{"east":{"uv":[3.1885,7.501,3.249,7.6865],"tintindex":0,"rotation":0,"texture":"#1"},"south":{"uv":[3.9385,4.876,4.249,5.0615],"tintindex":0,"rotation":0,"texture":"#1"},"north":{"uv":[3.9385,4.876,4.249,5.0615],"tintindex":0,"rotation":0,"texture":"#1"},"west":{"uv":[3.3135,7.501,3.374,7.6865],"tintindex":0,"rotation":0,"texture":"#1"},"up":{"uv":[6.5615,3.874,6.251,3.8135],"tintindex":0,"rotation":0,"texture":"#1"},"down":{"uv":[6.5615,3.9385,6.251,3.999],"tintindex":0,"rotation":0,"texture":"#1"}}},{"from":[1.5,14.5,10.55],"to":[14.5,17.5,11.55],"faces":{"east":{"uv":[7.501,7.3135,7.5615,7.499],"tintindex":0,"rotation":0,"texture":"#1"},"south":{"uv":[2.376,2.501,3.1865,2.6865],"tintindex":0,"rotation":0,"texture":"#1"},"north":{"uv":[2.376,2.501,3.1865,2.6865],"tintindex":0,"rotation":0,"texture":"#1"},"west":{"uv":[7.5635,1.0635,7.624,1.249],"tintindex":0,"rotation":0,"texture":"#1"},"up":{"uv":[5.8115,2.624,5.001,2.5635],"tintindex":0,"rotation":0,"texture":"#1"},"down":{"uv":[5.8115,2.6885,5.001,2.749],"tintindex":0,"rotation":0,"texture":"#1"}}},{"from":[6.503,16.210108,5.003],"to":[7.497,17.204107,5.997],"faces":{"east":{"uv":[8.251,3.3135,8.3115,3.374],"tintindex":0,"rotation":0,"texture":"#1"},"south":{"uv":[8.251,3.4385,8.3115,3.499],"tintindex":0,"rotation":0,"texture":"#1"},"north":{"uv":[8.251,3.1885,8.3115,3.249],"tintindex":0,"rotation":0,"texture":"#1"},"west":{"uv":[8.251,3.751,8.3115,3.8115],"tintindex":0,"rotation":0,"texture":"#1"},"up":{"uv":[8.3115,3.9365,8.251,3.876],"tintindex":0,"rotation":0,"texture":"#1"},"down":{"uv":[4.0615,8.251,4.001,8.3115],"tintindex":0,"rotation":0,"texture":"#1"}},"rotation":{"origin":[7.0,16.707108,5.5],"angle":45.0,"axis":"z"}},{"from":[6.503,11.795893,5.7029996],"to":[7.497,12.789892,6.697],"faces":{"east":{"uv":[8.251,4.9385,8.3115,4.999],"tintindex":0,"rotation":0,"texture":"#1"},"south":{"uv":[8.251,5.0635,8.3115,5.124],"tintindex":0,"rotation":0,"texture":"#1"},"north":{"uv":[4.9385,8.251,4.999,8.3115],"tintindex":0,"rotation":0,"texture":"#1"},"west":{"uv":[8.251,5.1885,8.3115,5.249],"tintindex":0,"rotation":0,"texture":"#1"},"up":{"uv":[5.374,8.3115,5.3135,8.251],"tintindex":0,"rotation":0,"texture":"#1"},"down":{"uv":[8.3115,5.3135,8.251,5.374],"tintindex":0,"rotation":0,"texture":"#1"}},"rotation":{"origin":[7.0,12.292892,6.2],"angle":-45.0,"axis":"z"}},{"from":[4.0,7.9375005,6.15],"to":[7.7,8.637501,9.85],"faces":{"east":{"uv":[7.126,0.251,7.374,0.3115],"tintindex":0,"rotation":0,"texture":"#1"},"south":{"uv":[7.126,2.501,7.374,2.5615],"tintindex":0,"rotation":0,"texture":"#1"},"north":{"uv":[7.126,0.126,7.374,0.1865],"tintindex":0,"rotation":0,"texture":"#1"},"west":{"uv":[7.126,2.626,7.374,2.6865],"tintindex":0,"rotation":0,"texture":"#1"},"up":{"uv":[4.8115,2.499,4.5635,2.251],"tintindex":0,"rotation":0,"texture":"#1"},"down":{"uv":[3.874,4.5635,3.626,4.8115],"tintindex":0,"rotation":0,"texture":"#1"}}},{"from":[8.299999,7.9375005,6.15],"to":[12.0,8.637501,9.85],"faces":{"east":{"uv":[7.126,2.876,7.374,2.9365],"tintindex":0,"rotation":0,"texture":"#1"},"south":{"uv":[7.126,3.001,7.374,3.0615],"tintindex":0,"rotation":0,"texture":"#1"},"north":{"uv":[7.126,2.751,7.374,2.8115],"tintindex":0,"rotation":0,"texture":"#1"},"west":{"uv":[7.126,3.251,7.374,3.3115],"tintindex":0,"rotation":0,"texture":"#1"},"up":{"uv":[4.1865,4.8115,3.9385,4.5635],"tintindex":0,"rotation":0,"texture":"#1"},"down":{"uv":[4.8115,4.1885,4.5635,4.4365],"tintindex":0,"rotation":0,"texture":"#1"}}},{"from":[0.5,6.5,10.55],"to":[15.5,8.5,11.55],"faces":{"east":{"uv":[7.8135,4.251,7.874,4.374],"tintindex":0,"rotation":0,"texture":"#1"},"south":{"uv":[3.001,0.626,3.9365,0.749],"tintindex":0,"rotation":0,"texture":"#1"},"north":{"uv":[3.001,0.626,3.9365,0.749],"tintindex":0,"rotation":0,"texture":"#1"},"west":{"uv":[7.8135,4.4385,7.874,4.5615],"tintindex":0,"rotation":0,"texture":"#1"},"up":{"uv":[5.8115,0.5615,4.876,0.501],"tintindex":0,"rotation":0,"texture":"#1"},"down":{"uv":[5.8115,2.3135,4.876,2.374],"tintindex":0,"rotation":0,"texture":"#1"}}},{"from":[10.601378,8.469107,5.513107],"to":[11.601378,12.469107,6.513107],"faces":{"east":{"uv":[1.501,7.001,1.5615,7.249],"tintindex":0,"rotation":0,"texture":"#1"},"south":{"uv":[1.751,7.001,1.8115,7.249],"tintindex":0,"rotation":0,"texture":"#1"},"north":{"uv":[7.001,0.6885,7.0615,0.9365],"tintindex":0,"rotation":0,"texture":"#1"},"west":{"uv":[2.1885,7.001,2.249,7.249],"tintindex":0,"rotation":0,"texture":"#1"},"up":{"uv":[8.3115,7.3115,8.251,7.251],"tintindex":0,"rotation":0,"texture":"#1"},"down":{"uv":[8.3115,7.376,8.251,7.4365],"tintindex":0,"rotation":0,"texture":"#1"}},"rotation":{"origin":[11.101378,8.969107,6.013107],"angle":-45.0,"axis":"y"}},{"from":[4.6,1.0,6.5],"to":[7.6,3.0,9.5],"faces":{"east":{"uv":[15.025,0.0,16.0,0.5],"tintindex":0,"rotation":0,"texture":"#0"},"south":{"uv":[15.025,0.0,16.0,0.5],"tintindex":0,"rotation":0,"texture":"#0"},"north":{"uv":[15.025,0.0,16.0,0.5],"tintindex":0,"rotation":0,"texture":"#0"},"west":{"uv":[15.025,0.0,16.0,0.5],"tintindex":0,"rotation":0,"texture":"#0"},"up":{"uv":[15.025,0.0,16.0,0.5],"tintindex":0,"rotation":0,"texture":"#0"},"down":{"uv":[15.025,0.0,16.0,0.5],"tintindex":0,"rotation":0,"texture":"#0"}}},{"from":[8.4,0.0,5.5],"to":[9.4,2.0,6.5],"faces":{"east":{"uv":[0.876,7.9385,0.9365,8.0615],"tintindex":0,"rotation":0,"texture":"#1"},"south":{"uv":[7.9385,1.001,7.999,1.124],"tintindex":0,"rotation":0,"texture":"#1"},"north":{"uv":[0.751,7.9385,0.8115,8.0615],"tintindex":0,"rotation":0,"texture":"#1"},"west":{"uv":[1.501,7.9385,1.5615,8.0615],"tintindex":0,"rotation":0,"texture":"#1"},"up":{"uv":[8.4365,3.999,8.376,3.9385],"tintindex":0,"rotation":0,"texture":"#1"},"down":{"uv":[4.0615,8.376,4.001,8.4365],"tintindex":0,"rotation":0,"texture":"#1"}},"rotation":{"origin":[8.9,1.0,6.0],"angle":22.5,"axis":"y"}},{"from":[5.032,11.007,6.057],"to":[10.968,12.193001,9.943],"faces":{"east":{"uv":[15.025,0.0,16.0,0.5],"tintindex":0,"rotation":0,"texture":"#0"},"south":{"uv":[15.025,0.0,16.0,0.5],"tintindex":0,"rotation":0,"texture":"#0"},"north":{"uv":[15.025,0.0,16.0,0.5],"tintindex":0,"rotation":0,"texture":"#0"},"west":{"uv":[15.025,0.0,16.0,0.5],"tintindex":0,"rotation":0,"texture":"#0"},"up":{"uv":[15.025,0.0,16.0,0.5],"tintindex":0,"rotation":0,"texture":"#0"},"down":{"uv":[15.025,0.0,16.0,0.5],"tintindex":0,"rotation":0,"texture":"#0"}}},{"from":[11.4994,13.956508,5.4994],"to":[12.5006,14.957707,10.5006],"faces":{"east":{"uv":[6.251,5.126,6.5615,5.1865],"tintindex":0,"rotation":0,"texture":"#1"},"south":{"uv":[7.6885,8.251,7.749,8.3115],"tintindex":0,"rotation":0,"texture":"#1"},"north":{"uv":[7.5635,8.251,7.624,8.3115],"tintindex":0,"rotation":0,"texture":"#1"},"west":{"uv":[6.251,5.251,6.5615,5.3115],"tintindex":0,"rotation":0,"texture":"#1"},"up":{"uv":[5.3115,6.624,5.251,6.3135],"tintindex":0,"rotation":0,"texture":"#1"},"down":{"uv":[0.0615,6.376,0.001,6.6865],"tintindex":0,"rotation":0,"texture":"#1"}},"rotation":{"origin":[12.0,14.457108,6.0],"angle":45.0,"axis":"z"}},{"from":[3.0,15.0,6.0],"to":[13.0,20.0,10.0],"faces":{"east":{"uv":[3.376,1.626,3.624,1.9365],"tintindex":0,"rotation":0,"texture":"#1"},"south":{"uv":[1.251,2.001,1.874,2.3115],"tintindex":0,"rotation":0,"texture":"#1"},"north":{"uv":[0.5635,2.001,1.1865,2.3115],"tintindex":0,"rotation":0,"texture":"#1"},"west":{"uv":[1.6885,3.4385,1.9365,3.749],"tintindex":0,"rotation":0,"texture":"#1"},"up":{"uv":[2.749,1.374,2.126,1.126],"tintindex":0,"rotation":0,"texture":"#1"},"down":{"uv":[2.749,1.4385,2.126,1.6865],"tintindex":0,"rotation":0,"texture":"#1"}}},{"from":[3.94375,14.43125,6.0],"to":[6.69375,14.88125,6.15],"faces":{"east":{"uv":[15.025,0.0,16.0,0.5],"tintindex":0,"rotation":0,"texture":"#0"},"south":{"uv":[15.025,0.0,16.0,0.5],"tintindex":0,"rotation":0,"texture":"#0"},"north":{"uv":[15.025,0.0,16.0,0.5],"tintindex":0,"rotation":0,"texture":"#0"},"west":{"uv":[15.025,0.0,16.0,0.5],"tintindex":0,"rotation":0,"texture":"#0"},"up":{"uv":[15.025,0.0,16.0,0.5],"tintindex":0,"rotation":0,"texture":"#0"},"down":{"uv":[15.025,0.0,16.0,0.5],"tintindex":0,"rotation":0,"texture":"#0"}}},{"from":[3.696364,1.995,5.481136],"to":[4.706364,7.005,6.491136],"faces":{"east":{"uv":[6.626,3.626,6.6865,3.9365],"tintindex":0,"rotation":0,"texture":"#1"},"south":{"uv":[6.626,4.4385,6.6865,4.749],"tintindex":0,"rotation":0,"texture":"#1"},"north":{"uv":[2.6885,6.626,2.749,6.9365],"tintindex":0,"rotation":0,"texture":"#1"},"west":{"uv":[4.501,6.626,4.5615,6.9365],"tintindex":0,"rotation":0,"texture":"#1"},"up":{"uv":[8.4365,2.3115,8.376,2.251],"tintindex":0,"rotation":0,"texture":"#1"},"down":{"uv":[2.4365,8.376,2.376,8.4365],"tintindex":0,"rotation":0,"texture":"#1"}},"rotation":{"origin":[3.863864,4.5,5.986136],"angle":-22.5,"axis":"y"}},{"from":[4.35,0.0,6.425],"to":[7.85,2.0,9.675],"faces":{"east":{"uv":[1.6885,2.376,1.874,2.499],"tintindex":0,"rotation":0,"texture":"#1"},"south":{"uv":[5.4385,1.0635,5.6865,1.1865],"tintindex":0,"rotation":0,"texture":"#1"},"north":{"uv":[5.4385,0.876,5.6865,0.999],"tintindex":0,"rotation":0,"texture":"#1"},"west":{"uv":[0.3135,2.5635,0.499,2.6865],"tintindex":0,"rotation":0,"texture":"#1"},"up":{"uv":[0.249,5.1865,0.001,5.001],"tintindex":0,"rotation":0,"texture":"#1"},"down":{"uv":[3.1865,5.001,2.9385,5.1865],"tintindex":0,"rotation":0,"texture":"#1"}}},{"from":[3.7046213,12.463106,5.5],"to":[4.7046213,14.463106,6.5],"faces":{"east":{"uv":[4.5635,7.876,4.624,7.999],"tintindex":0,"rotation":0,"texture":"#1"},"south":{"uv":[7.876,4.626,7.9365,4.749],"tintindex":0,"rotation":0,"texture":"#1"},"north":{"uv":[4.4385,7.876,4.499,7.999],"tintindex":0,"rotation":0,"texture":"#1"},"west":{"uv":[4.6885,7.876,4.749,7.999],"tintindex":0,"rotation":0,"texture":"#1"},"up":{"uv":[8.3115,7.999,8.251,7.9385],"tintindex":0,"rotation":0,"texture":"#1"},"down":{"uv":[8.3115,8.0635,8.251,8.124],"tintindex":0,"rotation":0,"texture":"#1"}}},{"from":[9.30625,14.43125,9.85],"to":[11.30625,14.88125,10.0],"faces":{"east":{"uv":[15.025,0.0,16.0,0.5],"tintindex":0,"rotation":0,"texture":"#0"},"south":{"uv":[15.025,0.0,16.0,0.5],"tintindex":0,"rotation":0,"texture":"#0"},"north":{"uv":[15.025,0.0,16.0,0.5],"tintindex":0,"rotation":0,"texture":"#0"},"west":{"uv":[15.025,0.0,16.0,0.5],"tintindex":0,"rotation":0,"texture":"#0"},"up":{"uv":[15.025,0.0,16.0,0.5],"tintindex":0,"rotation":0,"texture":"#0"},"down":{"uv":[15.025,0.0,16.0,0.5],"tintindex":0,"rotation":0,"texture":"#0"}}},{"from":[8.4,-2.0,6.5],"to":[11.4,1.25,9.5],"faces":{"east":{"uv":[15.025,0.0,16.0,0.5],"tintindex":0,"rotation":0,"texture":"#0"},"south":{"uv":[15.025,0.0,16.0,0.5],"tintindex":0,"rotation":0,"texture":"#0"},"north":{"uv":[15.025,0.0,16.0,0.5],"tintindex":0,"rotation":0,"texture":"#0"},"west":{"uv":[15.025,0.0,16.0,0.5],"tintindex":0,"rotation":0,"texture":"#0"},"up":{"uv":[15.025,0.0,16.0,0.5],"tintindex":0,"rotation":0,"texture":"#0"},"down":{"uv":[15.025,0.0,16.0,0.5],"tintindex":0,"rotation":0,"texture":"#0"}}},{"from":[8.5,8.0,6.0],"to":[11.5,9.0,10.0],"faces":{"east":{"uv":[6.751,2.126,6.999,2.1865],"tintindex":0,"rotation":0,"texture":"#1"},"south":{"uv":[7.376,3.8135,7.5615,3.874],"tintindex":0,"rotation":0,"texture":"#1"},"north":{"uv":[7.376,0.9385,7.5615,0.999],"tintindex":0,"rotation":0,"texture":"#1"},"west":{"uv":[3.0635,6.751,3.3115,6.8115],"tintindex":0,"rotation":0,"texture":"#1"},"up":{"uv":[4.749,5.3115,4.5635,5.0635],"tintindex":0,"rotation":0,"texture":"#1"},"down":{"uv":[4.999,5.0635,4.8135,5.3115],"tintindex":0,"rotation":0,"texture":"#1"}}},{"from":[3.5,-5.5,10.55],"to":[5.5,-2.5,11.55],"faces":{"east":{"uv":[3.9385,7.501,3.999,7.6865],"tintindex":0,"rotation":0,"texture":"#1"},"south":{"uv":[6.0635,4.4385,6.1865,4.624],"tintindex":0,"rotation":0,"texture":"#1"},"north":{"uv":[6.0635,4.4385,6.1865,4.624],"tintindex":0,"rotation":0,"texture":"#1"},"west":{"uv":[4.0635,7.501,4.124,7.6865],"tintindex":0,"rotation":0,"texture":"#1"},"up":{"uv":[7.9365,4.999,7.8135,4.9385],"tintindex":0,"rotation":0,"texture":"#1"},"down":{"uv":[7.9365,5.0635,7.8135,5.124],"tintindex":0,"rotation":0,"texture":"#1"}}},{"from":[2.5,-2.5,10.55],"to":[6.5,0.5,11.55],"faces":{"east":{"uv":[3.4385,7.501,3.499,7.6865],"tintindex":0,"rotation":0,"texture":"#1"},"south":{"uv":[5.126,1.9385,5.374,2.124],"tintindex":0,"rotation":0,"texture":"#1"},"north":{"uv":[5.126,1.9385,5.374,2.124],"tintindex":0,"rotation":0,"texture":"#1"},"west":{"uv":[3.5635,7.501,3.624,7.6865],"tintindex":0,"rotation":0,"texture":"#1"},"up":{"uv":[7.124,1.0615,6.876,1.001],"tintindex":0,"rotation":0,"texture":"#1"},"down":{"uv":[3.9365,6.876,3.6885,6.9365],"tintindex":0,"rotation":0,"texture":"#1"}}},{"from":[3.495,16.995,10.287893],"to":[5.505,20.005,11.297894],"faces":{"east":{"uv":[7.5635,2.876,7.624,3.0615],"tintindex":0,"rotation":0,"texture":"#1"},"south":{"uv":[3.3135,6.126,3.4365,6.3115],"tintindex":0,"rotation":0,"texture":"#1"},"north":{"uv":[3.126,6.126,3.249,6.3115],"tintindex":0,"rotation":0,"texture":"#1"},"west":{"uv":[7.5635,3.126,7.624,3.3115],"tintindex":0,"rotation":0,"texture":"#1"},"up":{"uv":[7.999,6.749,7.876,6.6885],"tintindex":0,"rotation":0,"texture":"#1"},"down":{"uv":[6.999,7.876,6.876,7.9365],"tintindex":0,"rotation":0,"texture":"#1"}},"rotation":{"origin":[5.0,17.5,10.792893],"angle":-45.0,"axis":"y"}},{"from":[5.5,9.0,6.15],"to":[7.5,11.0,9.85],"faces":{"east":{"uv":[5.751,0.751,5.999,0.874],"tintindex":0,"rotation":0,"texture":"#1"},"south":{"uv":[6.9385,5.0635,7.0615,5.1865],"tintindex":0,"rotation":0,"texture":"#1"},"north":{"uv":[6.9385,4.5635,7.0615,4.6865],"tintindex":0,"rotation":0,"texture":"#1"},"west":{"uv":[5.751,0.9385,5.999,1.0615],"tintindex":0,"rotation":0,"texture":"#1"},"up":{"uv":[5.5615,5.9365,5.4385,5.6885],"tintindex":0,"rotation":0,"texture":"#1"},"down":{"uv":[5.874,1.126,5.751,1.374],"tintindex":0,"rotation":0,"texture":"#1"}}},{"from":[4.3986216,8.469107,9.713107],"to":[5.3986216,12.469107,10.713107],"faces":{"east":{"uv":[4.5635,7.001,4.624,7.249],"tintindex":0,"rotation":0,"texture":"#1"},"south":{"uv":[4.6885,7.001,4.749,7.249],"tintindex":0,"rotation":0,"texture":"#1"},"north":{"uv":[4.4385,7.001,4.499,7.249],"tintindex":0,"rotation":0,"texture":"#1"},"west":{"uv":[4.8135,7.001,4.874,7.249],"tintindex":0,"rotation":0,"texture":"#1"},"up":{"uv":[8.374,3.624,8.3135,3.5635],"tintindex":0,"rotation":0,"texture":"#1"},"down":{"uv":[3.6865,8.3135,3.626,8.374],"tintindex":0,"rotation":0,"texture":"#1"}},"rotation":{"origin":[4.8986216,8.969107,10.213107],"angle":45.0,"axis":"y"}},{"from":[8.503,11.795893,5.7029996],"to":[9.497,12.789892,6.697],"faces":{"east":{"uv":[8.251,5.5635,8.3115,5.624],"tintindex":0,"rotation":0,"texture":"#1"},"south":{"uv":[8.251,6.001,8.3115,6.0615],"tintindex":0,"rotation":0,"texture":"#1"},"north":{"uv":[5.4385,8.251,5.499,8.3115],"tintindex":0,"rotation":0,"texture":"#1"},"west":{"uv":[6.6885,8.251,6.749,8.3115],"tintindex":0,"rotation":0,"texture":"#1"},"up":{"uv":[8.3115,6.749,8.251,6.6885],"tintindex":0,"rotation":0,"texture":"#1"},"down":{"uv":[6.874,8.251,6.8135,8.3115],"tintindex":0,"rotation":0,"texture":"#1"}},"rotation":{"origin":[9.0,12.292892,6.2],"angle":45.0,"axis":"z"}},{"from":[11.5,-5.5,10.55],"to":[13.5,-2.5,11.55],"faces":{"east":{"uv":[7.501,6.6885,7.5615,6.874],"tintindex":0,"rotation":0,"texture":"#1"},"south":{"uv":[6.0635,5.751,6.1865,5.9365],"tintindex":0,"rotation":0,"texture":"#1"},"north":{"uv":[6.0635,5.751,6.1865,5.9365],"tintindex":0,"rotation":0,"texture":"#1"},"west":{"uv":[7.501,7.0635,7.5615,7.249],"tintindex":0,"rotation":0,"texture":"#1"},"up":{"uv":[0.124,7.9365,0.001,7.876],"tintindex":0,"rotation":0,"texture":"#1"},"down":{"uv":[0.3115,7.876,0.1885,7.9365],"tintindex":0,"rotation":0,"texture":"#1"}}},{"from":[6.625298,7.5249996,5.54972],"to":[7.325298,8.925,5.69028],"faces":{"east":{"uv":[0.376,8.126,0.4365,8.1865],"tintindex":0,"rotation":0,"texture":"#1"},"south":{"uv":[0.501,8.126,0.5615,8.1865],"tintindex":0,"rotation":0,"texture":"#1"},"north":{"uv":[8.126,0.3135,8.1865,0.374],"tintindex":0,"rotation":0,"texture":"#1"},"west":{"uv":[0.626,8.126,0.6865,8.1865],"tintindex":0,"rotation":0,"texture":"#1"},"up":{"uv":[8.1865,0.6865,8.126,0.626],"tintindex":0,"rotation":0,"texture":"#1"},"down":{"uv":[0.8115,8.126,0.751,8.1865],"tintindex":0,"rotation":0,"texture":"#1"}}},{"from":[10.5,-7.5,10.55],"to":[12.5,-5.5,11.55],"faces":{"east":{"uv":[7.876,0.1885,7.9365,0.3115],"tintindex":0,"rotation":0,"texture":"#1"},"south":{"uv":[6.9385,2.9385,7.0615,3.0615],"tintindex":0,"rotation":0,"texture":"#1"},"north":{"uv":[6.9385,2.9385,7.0615,3.0615],"tintindex":0,"rotation":0,"texture":"#1"},"west":{"uv":[7.876,0.376,7.9365,0.499],"tintindex":0,"rotation":0,"texture":"#1"},"up":{"uv":[7.999,0.624,7.876,0.5635],"tintindex":0,"rotation":0,"texture":"#1"},"down":{"uv":[7.999,0.876,7.876,0.9365],"tintindex":0,"rotation":0,"texture":"#1"}}},{"from":[3.8249998,12.0,5.825],"to":[12.175,15.0,10.175],"faces":{"east":{"uv":[0.6885,5.126,0.9365,5.3115],"tintindex":0,"rotation":0,"texture":"#1"},"south":{"uv":[3.251,2.001,3.749,2.1865],"tintindex":0,"rotation":0,"texture":"#1"},"north":{"uv":[3.001,0.8135,3.499,0.999],"tintindex":0,"rotation":0,"texture":"#1"},"west":{"uv":[5.126,1.1885,5.374,1.374],"tintindex":0,"rotation":0,"texture":"#1"},"up":{"uv":[1.5615,2.999,1.0635,2.751],"tintindex":0,"rotation":0,"texture":"#1"},"down":{"uv":[3.3115,1.0635,2.8135,1.3115],"tintindex":0,"rotation":0,"texture":"#1"}}},{"from":[6.503,15.210108,10.503],"to":[7.497,16.204107,11.497],"faces":{"east":{"uv":[4.626,8.3135,4.6865,8.374],"tintindex":0,"rotation":0,"texture":"#1"},"south":{"uv":[8.3135,4.8135,8.374,4.874],"tintindex":0,"rotation":0,"texture":"#1"},"north":{"uv":[4.501,8.3135,4.5615,8.374],"tintindex":0,"rotation":0,"texture":"#1"},"west":{"uv":[5.0635,8.3135,5.124,8.374],"tintindex":0,"rotation":0,"texture":"#1"},"up":{"uv":[5.249,8.374,5.1885,8.3135],"tintindex":0,"rotation":0,"texture":"#1"},"down":{"uv":[8.374,5.4385,8.3135,5.499],"tintindex":0,"rotation":0,"texture":"#1"}},"rotation":{"origin":[7.0,15.707108,11.0],"angle":45.0,"axis":"z"}},{"from":[4.506,16.213108,5.506],"to":[6.494,17.201107,6.494],"faces":{"east":{"uv":[8.251,4.6885,8.3115,4.749],"tintindex":0,"rotation":0,"texture":"#1"},"south":{"uv":[1.9385,7.876,2.0615,7.9365],"tintindex":0,"rotation":0,"texture":"#1"},"north":{"uv":[1.626,7.876,1.749,7.9365],"tintindex":0,"rotation":0,"texture":"#1"},"west":{"uv":[4.8135,8.251,4.874,8.3115],"tintindex":0,"rotation":0,"texture":"#1"},"up":{"uv":[2.624,7.9365,2.501,7.876],"tintindex":0,"rotation":0,"texture":"#1"},"down":{"uv":[2.8115,7.876,2.6885,7.9365],"tintindex":0,"rotation":0,"texture":"#1"}},"rotation":{"origin":[6.0,16.707108,6.0],"angle":-45.0,"axis":"z"}},{"from":[4.69375,12.88125,6.0],"to":[5.69375,13.331249,6.15],"faces":{"east":{"uv":[15.025,0.0,16.0,0.5],"tintindex":0,"rotation":0,"texture":"#0"},"south":{"uv":[15.025,0.0,16.0,0.5],"tintindex":0,"rotation":0,"texture":"#0"},"north":{"uv":[15.025,0.0,16.0,0.5],"tintindex":0,"rotation":0,"texture":"#0"},"west":{"uv":[15.025,0.0,16.0,0.5],"tintindex":0,"rotation":0,"texture":"#0"},"up":{"uv":[15.025,0.0,16.0,0.5],"tintindex":0,"rotation":0,"texture":"#0"},"down":{"uv":[15.025,0.0,16.0,0.5],"tintindex":0,"rotation":0,"texture":"#0"}}},{"from":[4.69375,13.68125,6.0],"to":[6.69375,14.13125,6.15],"faces":{"east":{"uv":[15.025,0.0,16.0,0.5],"tintindex":0,"rotation":0,"texture":"#0"},"south":{"uv":[15.025,0.0,16.0,0.5],"tintindex":0,"rotation":0,"texture":"#0"},"north":{"uv":[15.025,0.0,16.0,0.5],"tintindex":0,"rotation":0,"texture":"#0"},"west":{"uv":[15.025,0.0,16.0,0.5],"tintindex":0,"rotation":0,"texture":"#0"},"up":{"uv":[15.025,0.0,16.0,0.5],"tintindex":0,"rotation":0,"texture":"#0"},"down":{"uv":[15.025,0.0,16.0,0.5],"tintindex":0,"rotation":0,"texture":"#0"}}},{"from":[8.503,12.795893,10.203],"to":[9.497,13.789892,11.197],"faces":{"east":{"uv":[8.3135,6.251,8.374,6.3115],"tintindex":0,"rotation":0,"texture":"#1"},"south":{"uv":[6.3135,8.3135,6.374,8.374],"tintindex":0,"rotation":0,"texture":"#1"},"north":{"uv":[6.1885,8.3135,6.249,8.374],"tintindex":0,"rotation":0,"texture":"#1"},"west":{"uv":[8.3135,6.376,8.374,6.4365],"tintindex":0,"rotation":0,"texture":"#1"},"up":{"uv":[6.499,8.374,6.4385,8.3135],"tintindex":0,"rotation":0,"texture":"#1"},"down":{"uv":[8.374,6.501,8.3135,6.5615],"tintindex":0,"rotation":0,"texture":"#1"}},"rotation":{"origin":[9.0,13.292892,10.7],"angle":45.0,"axis":"z"}},{"from":[4.506,15.213107,10.006],"to":[6.494,16.201107,10.994],"faces":{"east":{"uv":[6.0635,8.3135,6.124,8.374],"tintindex":0,"rotation":0,"texture":"#1"},"south":{"uv":[6.501,7.876,6.624,7.9365],"tintindex":0,"rotation":0,"texture":"#1"},"north":{"uv":[6.3135,7.876,6.4365,7.9365],"tintindex":0,"rotation":0,"texture":"#1"},"west":{"uv":[8.3135,6.126,8.374,6.1865],"tintindex":0,"rotation":0,"texture":"#1"},"up":{"uv":[7.999,6.624,7.876,6.5635],"tintindex":0,"rotation":0,"texture":"#1"},"down":{"uv":[6.8115,7.876,6.6885,7.9365],"tintindex":0,"rotation":0,"texture":"#1"}},"rotation":{"origin":[6.0,15.707108,10.5],"angle":-45.0,"axis":"z"}},{"from":[9.506,16.213108,5.506],"to":[11.494,17.201107,6.494],"faces":{"east":{"uv":[8.251,4.251,8.3115,4.3115],"tintindex":0,"rotation":0,"texture":"#1"},"south":{"uv":[1.1885,7.876,1.3115,7.9365],"tintindex":0,"rotation":0,"texture":"#1"},"north":{"uv":[1.001,7.876,1.124,7.9365],"tintindex":0,"rotation":0,"texture":"#1"},"west":{"uv":[8.251,4.5635,8.3115,4.624],"tintindex":0,"rotation":0,"texture":"#1"},"up":{"uv":[7.999,1.499,7.876,1.4385],"tintindex":0,"rotation":0,"texture":"#1"},"down":{"uv":[7.999,1.5635,7.876,1.624],"tintindex":0,"rotation":0,"texture":"#1"}},"rotation":{"origin":[10.0,16.707108,6.0],"angle":45.0,"axis":"z"}},{"from":[7.0,16.0,5.0],"to":[9.0,20.0,6.0],"faces":{"east":{"uv":[3.4385,6.876,3.499,7.124],"tintindex":0,"rotation":0,"texture":"#1"},"south":{"uv":[5.0635,5.6885,5.1865,5.9365],"tintindex":0,"rotation":0,"texture":"#1"},"north":{"uv":[4.876,5.626,4.999,5.874],"tintindex":0,"rotation":0,"texture":"#1"},"west":{"uv":[3.5635,6.876,3.624,7.124],"tintindex":0,"rotation":0,"texture":"#1"},"up":{"uv":[7.9365,3.124,7.8135,3.0635],"tintindex":0,"rotation":0,"texture":"#1"},"down":{"uv":[7.9365,3.1885,7.8135,3.249],"tintindex":0,"rotation":0,"texture":"#1"}}},{"from":[4.85,-7.0,2.0],"to":[6.85,-5.0,3.0],"faces":{"east":{"uv":[7.6885,1.251,7.749,1.374],"tintindex":0,"rotation":0,"texture":"#1"},"south":{"uv":[6.751,4.626,6.874,4.749],"tintindex":0,"rotation":0,"texture":"#1"},"north":{"uv":[6.751,4.4385,6.874,4.5615],"tintindex":0,"rotation":0,"texture":"#1"},"west":{"uv":[7.6885,3.251,7.749,3.374],"tintindex":0,"rotation":0,"texture":"#1"},"up":{"uv":[2.9365,1.6865,2.8135,1.626],"tintindex":0,"rotation":0,"texture":"#1"},"down":{"uv":[3.4365,3.126,3.3135,3.1865],"tintindex":0,"rotation":0,"texture":"#1"}}},{"from":[8.075001,-2.15,5.825],"to":[12.375,-0.85,10.125],"faces":{"east":{"uv":[7.126,4.001,7.374,4.0615],"tintindex":0,"rotation":0,"texture":"#1"},"south":{"uv":[7.126,4.126,7.374,4.1865],"tintindex":0,"rotation":0,"texture":"#1"},"north":{"uv":[7.126,3.376,7.374,3.4365],"tintindex":0,"rotation":0,"texture":"#1"},"west":{"uv":[7.126,4.251,7.374,4.3115],"tintindex":0,"rotation":0,"texture":"#1"},"up":{"uv":[4.874,0.874,4.626,0.626],"tintindex":0,"rotation":0,"texture":"#1"},"down":{"uv":[4.874,0.9385,4.626,1.1865],"tintindex":0,"rotation":0,"texture":"#1"}}},{"from":[9.5,-2.5,10.55],"to":[13.5,0.5,11.55],"faces":{"east":{"uv":[6.1885,7.501,6.249,7.6865],"tintindex":0,"rotation":0,"texture":"#1"},"south":{"uv":[3.876,5.126,4.124,5.3115],"tintindex":0,"rotation":0,"texture":"#1"},"north":{"uv":[3.876,5.126,4.124,5.3115],"tintindex":0,"rotation":0,"texture":"#1"},"west":{"uv":[6.501,7.501,6.5615,7.6865],"tintindex":0,"rotation":0,"texture":"#1"},"up":{"uv":[7.1865,1.1865,6.9385,1.126],"tintindex":0,"rotation":0,"texture":"#1"},"down":{"uv":[7.1865,1.251,6.9385,1.3115],"tintindex":0,"rotation":0,"texture":"#1"}}},{"from":[10.495,16.995,5.2021065],"to":[11.505,20.005,6.2121067],"faces":{"east":{"uv":[5.9385,7.376,5.999,7.5615],"tintindex":0,"rotation":0,"texture":"#1"},"south":{"uv":[6.376,7.376,6.4365,7.5615],"tintindex":0,"rotation":0,"texture":"#1"},"north":{"uv":[4.1885,7.376,4.249,7.5615],"tintindex":0,"rotation":0,"texture":"#1"},"west":{"uv":[7.376,6.6885,7.4365,6.874],"tintindex":0,"rotation":0,"texture":"#1"},"up":{"uv":[8.1865,0.8115,8.126,0.751],"tintindex":0,"rotation":0,"texture":"#1"},"down":{"uv":[0.9365,8.126,0.876,8.1865],"tintindex":0,"rotation":0,"texture":"#1"}},"rotation":{"origin":[11.0,17.5,5.7071066],"angle":-45.0,"axis":"y"}},{"from":[2.94,14.14,5.515],"to":[4.06,20.26,10.635],"faces":{"east":{"uv":[1.626,3.001,1.9365,3.374],"tintindex":0,"rotation":0,"texture":"#1"},"south":{"uv":[2.1885,6.1885,2.249,6.5615],"tintindex":0,"rotation":0,"texture":"#1"},"north":{"uv":[1.501,6.1885,1.5615,6.5615],"tintindex":0,"rotation":0,"texture":"#1"},"west":{"uv":[2.001,3.001,2.3115,3.374],"tintindex":0,"rotation":0,"texture":"#1"},"up":{"uv":[1.6865,6.8115,1.626,6.501],"tintindex":0,"rotation":0,"texture":"#1"},"down":{"uv":[1.999,6.501,1.9385,6.8115],"tintindex":0,"rotation":0,"texture":"#1"}}},{"from":[7.0,9.0,5.7],"to":[9.0,13.0,6.7],"faces":{"east":{"uv":[6.626,6.876,6.6865,7.124],"tintindex":0,"rotation":0,"texture":"#1"},"south":{"uv":[5.751,1.9385,5.874,2.1865],"tintindex":0,"rotation":0,"texture":"#1"},"north":{"uv":[1.626,5.751,1.749,5.999],"tintindex":0,"rotation":0,"texture":"#1"},"west":{"uv":[2.3135,6.9385,2.374,7.1865],"tintindex":0,"rotation":0,"texture":"#1"},"up":{"uv":[3.8115,7.9365,3.6885,7.876],"tintindex":0,"rotation":0,"texture":"#1"},"down":{"uv":[7.999,3.6885,7.876,3.749],"tintindex":0,"rotation":0,"texture":"#1"}}},{"from":[10.601378,8.469107,9.713107],"to":[11.601378,12.469107,10.713107],"faces":{"east":{"uv":[5.0635,7.001,5.124,7.249],"tintindex":0,"rotation":0,"texture":"#1"},"south":{"uv":[5.1885,7.001,5.249,7.249],"tintindex":0,"rotation":0,"texture":"#1"},"north":{"uv":[4.9385,7.001,4.999,7.249],"tintindex":0,"rotation":0,"texture":"#1"},"west":{"uv":[7.001,5.251,7.0615,5.499],"tintindex":0,"rotation":0,"texture":"#1"},"up":{"uv":[3.8115,8.374,3.751,8.3135],"tintindex":0,"rotation":0,"texture":"#1"},"down":{"uv":[3.9365,8.3135,3.876,8.374],"tintindex":0,"rotation":0,"texture":"#1"}},"rotation":{"origin":[11.101378,8.969107,10.213107],"angle":-45.0,"axis":"y"}},{"from":[7.7091064,16.502,4.7019997],"to":[8.412213,17.205107,5.698],"faces":{"east":{"uv":[2.001,8.251,2.0615,8.3115],"tintindex":0,"rotation":0,"texture":"#1"},"south":{"uv":[8.251,2.126,8.3115,2.1865],"tintindex":0,"rotation":0,"texture":"#1"},"north":{"uv":[8.251,1.876,8.3115,1.9365],"tintindex":0,"rotation":0,"texture":"#1"},"west":{"uv":[8.251,2.251,8.3115,2.3115],"tintindex":0,"rotation":0,"texture":"#1"},"up":{"uv":[2.4365,8.3115,2.376,8.251],"tintindex":0,"rotation":0,"texture":"#1"},"down":{"uv":[8.3115,2.5635,8.251,2.624],"tintindex":0,"rotation":0,"texture":"#1"}},"rotation":{"origin":[8.207107,17.0,5.2],"angle":-45.0,"axis":"z"}},{"from":[9.5,-8.5,10.55],"to":[10.5,-7.5,11.55],"faces":{"east":{"uv":[0.501,8.251,0.5615,8.3115],"tintindex":0,"rotation":0,"texture":"#1"},"south":{"uv":[8.251,0.5635,8.3115,0.624],"tintindex":0,"rotation":0,"texture":"#1"},"north":{"uv":[8.251,0.5635,8.3115,0.624],"tintindex":0,"rotation":0,"texture":"#1"},"west":{"uv":[0.626,8.251,0.6865,8.3115],"tintindex":0,"rotation":0,"texture":"#1"},"up":{"uv":[8.3115,0.749,8.251,0.6885],"tintindex":0,"rotation":0,"texture":"#1"},"down":{"uv":[0.8115,8.251,0.751,8.3115],"tintindex":0,"rotation":0,"texture":"#1"}}},{"from":[4.837,-5.3504996,1.6995],"to":[6.8529997,-4.3345,3.7154999],"faces":{"east":{"uv":[7.9385,2.6885,8.0615,2.749],"tintindex":0,"rotation":0,"texture":"#1"},"south":{"uv":[7.9385,2.8135,8.0615,2.874],"tintindex":0,"rotation":0,"texture":"#1"},"north":{"uv":[7.876,7.6885,7.999,7.749],"tintindex":0,"rotation":0,"texture":"#1"},"west":{"uv":[2.876,7.9385,2.999,7.999],"tintindex":0,"rotation":0,"texture":"#1"},"up":{"uv":[7.249,5.499,7.126,5.376],"tintindex":0,"rotation":0,"texture":"#1"},"down":{"uv":[7.3115,0.9385,7.1885,1.0615],"tintindex":0,"rotation":0,"texture":"#1"}},"rotation":{"origin":[4.845,-4.8424997,2.295],"angle":45.0,"axis":"x"}},{"from":[10.5,11.0,6.0],"to":[11.5,12.0,10.0],"faces":{"east":{"uv":[6.8135,0.001,7.0615,0.0615],"tintindex":0,"rotation":0,"texture":"#1"},"south":{"uv":[8.126,1.251,8.1865,1.3115],"tintindex":0,"rotation":0,"texture":"#1"},"north":{"uv":[8.126,1.126,8.1865,1.1865],"tintindex":0,"rotation":0,"texture":"#1"},"west":{"uv":[6.8135,0.126,7.0615,0.1865],"tintindex":0,"rotation":0,"texture":"#1"},"up":{"uv":[6.5615,6.999,6.501,6.751],"tintindex":0,"rotation":0,"texture":"#1"},"down":{"uv":[6.874,1.126,6.8135,1.374],"tintindex":0,"rotation":0,"texture":"#1"}}},{"from":[8.725298,7.5249996,5.54972],"to":[9.425298,8.925,5.69028],"faces":{"east":{"uv":[8.0635,0.501,8.124,0.5615],"tintindex":0,"rotation":0,"texture":"#1"},"south":{"uv":[8.0635,0.876,8.124,0.9365],"tintindex":0,"rotation":0,"texture":"#1"},"north":{"uv":[8.0635,0.001,8.124,0.0615],"tintindex":0,"rotation":0,"texture":"#1"},"west":{"uv":[8.0635,1.001,8.124,1.0615],"tintindex":0,"rotation":0,"texture":"#1"},"up":{"uv":[1.4365,8.124,1.376,8.0635],"tintindex":0,"rotation":0,"texture":"#1"},"down":{"uv":[8.124,1.376,8.0635,1.4365],"tintindex":0,"rotation":0,"texture":"#1"}}},{"from":[8.15,0.0,6.425],"to":[11.65,2.0,9.675],"faces":{"east":{"uv":[6.1885,0.001,6.374,0.124],"tintindex":0,"rotation":0,"texture":"#1"},"south":{"uv":[5.751,3.0635,5.999,3.1865],"tintindex":0,"rotation":0,"texture":"#1"},"north":{"uv":[5.751,1.5635,5.999,1.6865],"tintindex":0,"rotation":0,"texture":"#1"},"west":{"uv":[6.1885,2.8135,6.374,2.9365],"tintindex":0,"rotation":0,"texture":"#1"},"up":{"uv":[4.4365,5.374,4.1885,5.1885],"tintindex":0,"rotation":0,"texture":"#1"},"down":{"uv":[0.249,5.251,0.001,5.4365],"tintindex":0,"rotation":0,"texture":"#1"}}},{"from":[4.1,-6.0,6.0],"to":[7.6,-2.0,10.0],"faces":{"east":{"uv":[4.251,0.3135,4.499,0.5615],"tintindex":0,"rotation":0,"texture":"#1"},"south":{"uv":[0.4385,4.251,0.6865,4.499],"tintindex":0,"rotation":0,"texture":"#1"},"north":{"uv":[4.251,0.001,4.499,0.249],"tintindex":0,"rotation":0,"texture":"#1"},"west":{"uv":[1.1885,4.251,1.4365,4.499],"tintindex":0,"rotation":0,"texture":"#1"},"up":{"uv":[4.499,2.1865,4.251,1.9385],"tintindex":0,"rotation":0,"texture":"#1"},"down":{"uv":[4.499,2.251,4.251,2.499],"tintindex":0,"rotation":0,"texture":"#1"}}},{"from":[8.25,-6.0,7.0],"to":[12.05,-4.0,9.9],"faces":{"east":{"uv":[3.501,6.1885,3.6865,6.3115],"tintindex":0,"rotation":0,"texture":"#1"},"south":{"uv":[5.751,3.4385,5.999,3.5615],"tintindex":0,"rotation":0,"texture":"#1"},"north":{"uv":[5.751,3.251,5.999,3.374],"tintindex":0,"rotation":0,"texture":"#1"},"west":{"uv":[3.751,6.1885,3.9365,6.3115],"tintindex":0,"rotation":0,"texture":"#1"},"up":{"uv":[0.5615,5.4365,0.3135,5.251],"tintindex":0,"rotation":0,"texture":"#1"},"down":{"uv":[1.249,5.251,1.001,5.4365],"tintindex":0,"rotation":0,"texture":"#1"}}},{"from":[3.5,-5.5,10.55],"to":[5.5,-2.5,11.55],"faces":{"east":{"uv":[3.9385,7.501,3.999,7.6865],"tintindex":0,"rotation":0,"texture":"#1"},"south":{"uv":[6.0635,4.4385,6.1865,4.624],"tintindex":0,"rotation":0,"texture":"#1"},"north":{"uv":[6.0635,4.4385,6.1865,4.624],"tintindex":0,"rotation":0,"texture":"#1"},"west":{"uv":[4.0635,7.501,4.124,7.6865],"tintindex":0,"rotation":0,"texture":"#1"},"up":{"uv":[7.9365,4.999,7.8135,4.9385],"tintindex":0,"rotation":0,"texture":"#1"},"down":{"uv":[7.9365,5.0635,7.8135,5.124],"tintindex":0,"rotation":0,"texture":"#1"}}},{"from":[8.818718,7.3044996,5.5535],"to":[9.312218,7.7980003,5.6865],"faces":{"east":{"uv":[3.4385,8.0635,3.499,8.124],"tintindex":0,"rotation":0,"texture":"#1"},"south":{"uv":[3.5635,8.0635,3.624,8.124],"tintindex":0,"rotation":0,"texture":"#1"},"north":{"uv":[3.3135,8.0635,3.374,8.124],"tintindex":0,"rotation":0,"texture":"#1"},"west":{"uv":[8.0635,3.6885,8.124,3.749],"tintindex":0,"rotation":0,"texture":"#1"},"up":{"uv":[3.874,8.124,3.8135,8.0635],"tintindex":0,"rotation":0,"texture":"#1"},"down":{"uv":[3.999,8.0635,3.9385,8.124],"tintindex":0,"rotation":0,"texture":"#1"}},"rotation":{"origin":[9.039218,7.5249996,5.3575],"angle":-45.0,"axis":"z"}},{"from":[7.7091064,18.502,4.7019997],"to":[8.412213,19.205107,5.698],"faces":{"east":{"uv":[8.251,1.126,8.3115,1.1865],"tintindex":0,"rotation":0,"texture":"#1"},"south":{"uv":[8.251,1.251,8.3115,1.3115],"tintindex":0,"rotation":0,"texture":"#1"},"north":{"uv":[0.876,8.251,0.9365,8.3115],"tintindex":0,"rotation":0,"texture":"#1"},"west":{"uv":[1.501,8.251,1.5615,8.3115],"tintindex":0,"rotation":0,"texture":"#1"},"up":{"uv":[1.8115,8.3115,1.751,8.251],"tintindex":0,"rotation":0,"texture":"#1"},"down":{"uv":[1.9365,8.251,1.876,8.3115],"tintindex":0,"rotation":0,"texture":"#1"}},"rotation":{"origin":[8.207107,19.0,5.2],"angle":-45.0,"axis":"z"}},{"from":[6.7193265,-6.1175003,5.8102913],"to":[7.7293267,-2.1075,6.8202915],"faces":{"east":{"uv":[0.9385,7.1885,0.999,7.4365],"tintindex":0,"rotation":0,"texture":"#1"},"south":{"uv":[1.1885,7.1885,1.249,7.4365],"tintindex":0,"rotation":0,"texture":"#1"},"north":{"uv":[0.8135,7.1885,0.874,7.4365],"tintindex":0,"rotation":0,"texture":"#1"},"west":{"uv":[1.3135,7.1885,1.374,7.4365],"tintindex":0,"rotation":0,"texture":"#1"},"up":{"uv":[8.4365,5.374,8.376,5.3135],"tintindex":0,"rotation":0,"texture":"#1"},"down":{"uv":[5.499,8.376,5.4385,8.4365],"tintindex":0,"rotation":0,"texture":"#1"}},"rotation":{"origin":[7.2243266,-4.1125,6.3152914],"angle":-22.5,"axis":"y"}},{"from":[3.696364,2.995,9.508864],"to":[4.706364,8.005,10.518865],"faces":{"east":{"uv":[4.751,6.626,4.8115,6.9365],"tintindex":0,"rotation":0,"texture":"#1"},"south":{"uv":[4.876,6.626,4.9365,6.9365],"tintindex":0,"rotation":0,"texture":"#1"},"north":{"uv":[4.626,6.626,4.6865,6.9365],"tintindex":0,"rotation":0,"texture":"#1"},"west":{"uv":[5.001,6.626,5.0615,6.9365],"tintindex":0,"rotation":0,"texture":"#1"},"up":{"uv":[8.4365,2.5615,8.376,2.501],"tintindex":0,"rotation":0,"texture":"#1"},"down":{"uv":[8.4365,2.626,8.376,2.6865],"tintindex":0,"rotation":0,"texture":"#1"}},"rotation":{"origin":[3.863864,5.5,10.0138645],"angle":22.5,"axis":"y"}},{"from":[6.005,7.5,9.730393],"to":[9.995,9.5,10.730393],"faces":{"east":{"uv":[4.001,0.626,4.0615,0.749],"tintindex":0,"rotation":0,"texture":"#1"},"south":{"uv":[1.3135,5.4385,1.5615,5.5615],"tintindex":0,"rotation":0,"texture":"#1"},"north":{"uv":[5.4385,1.251,5.6865,1.374],"tintindex":0,"rotation":0,"texture":"#1"},"west":{"uv":[0.3135,5.0635,0.374,5.1865],"tintindex":0,"rotation":0,"texture":"#1"},"up":{"uv":[6.9365,3.5615,6.6885,3.501],"tintindex":0,"rotation":0,"texture":"#1"},"down":{"uv":[6.9365,4.3135,6.6885,4.374],"tintindex":0,"rotation":0,"texture":"#1"}},"rotation":{"origin":[8.5,9.0,10.230393],"angle":45.0,"axis":"x"}},{"from":[3.9499998,-6.0,7.0],"to":[7.75,-4.0,9.9],"faces":{"east":{"uv":[2.126,2.5635,2.3115,2.6865],"tintindex":0,"rotation":0,"texture":"#1"},"south":{"uv":[5.4385,1.9385,5.6865,2.0615],"tintindex":0,"rotation":0,"texture":"#1"},"north":{"uv":[5.4385,1.5635,5.6865,1.6865],"tintindex":0,"rotation":0,"texture":"#1"},"west":{"uv":[2.1885,6.001,2.374,6.124],"tintindex":0,"rotation":0,"texture":"#1"},"up":{"uv":[2.5615,5.249,2.3135,5.0635],"tintindex":0,"rotation":0,"texture":"#1"},"down":{"uv":[5.3115,2.8135,5.0635,2.999],"tintindex":0,"rotation":0,"texture":"#1"}}},{"from":[5.5,-8.5,10.55],"to":[6.5,-7.5,11.55],"faces":{"east":{"uv":[8.1885,7.6885,8.249,7.749],"tintindex":0,"rotation":0,"texture":"#1"},"south":{"uv":[7.9385,8.1885,7.999,8.249],"tintindex":0,"rotation":0,"texture":"#1"},"north":{"uv":[7.9385,8.1885,7.999,8.249],"tintindex":0,"rotation":0,"texture":"#1"},"west":{"uv":[8.0635,8.1885,8.124,8.249],"tintindex":0,"rotation":0,"texture":"#1"},"up":{"uv":[8.249,8.249,8.1885,8.1885],"tintindex":0,"rotation":0,"texture":"#1"},"down":{"uv":[0.1865,8.251,0.126,8.3115],"tintindex":0,"rotation":0,"texture":"#1"}}},{"from":[8.5,0.5,10.55],"to":[13.5,3.5,11.55],"faces":{"east":{"uv":[7.501,5.626,7.5615,5.8115],"tintindex":0,"rotation":0,"texture":"#1"},"south":{"uv":[4.876,4.4385,5.1865,4.624],"tintindex":0,"rotation":0,"texture":"#1"},"north":{"uv":[4.876,4.4385,5.1865,4.624],"tintindex":0,"rotation":0,"texture":"#1"},"west":{"uv":[6.0635,7.501,6.124,7.6865],"tintindex":0,"rotation":0,"texture":"#1"},"up":{"uv":[6.5615,4.624,6.251,4.5635],"tintindex":0,"rotation":0,"texture":"#1"},"down":{"uv":[6.5615,4.8135,6.251,4.874],"tintindex":0,"rotation":0,"texture":"#1"}}},{"from":[6.994,7.244,5.569],"to":[9.006,9.256,5.831],"faces":{"east":{"uv":[7.6885,4.0635,7.749,4.1865],"tintindex":0,"rotation":0,"texture":"#1"},"south":{"uv":[6.751,6.376,6.874,6.499],"tintindex":0,"rotation":0,"texture":"#1"},"north":{"uv":[6.751,6.1885,6.874,6.3115],"tintindex":0,"rotation":0,"texture":"#1"},"west":{"uv":[7.6885,4.251,7.749,4.374],"tintindex":0,"rotation":0,"texture":"#1"},"up":{"uv":[6.5615,4.749,6.4385,4.6885],"tintindex":0,"rotation":0,"texture":"#1"},"down":{"uv":[7.8115,0.251,7.6885,0.3115],"tintindex":0,"rotation":0,"texture":"#1"}}},{"from":[3.9152431,11.662606,5.506],"to":[4.903243,12.650607,10.494],"faces":{"east":{"uv":[6.251,5.751,6.5615,5.8115],"tintindex":0,"rotation":0,"texture":"#1"},"south":{"uv":[8.251,7.8135,8.3115,7.874],"tintindex":0,"rotation":0,"texture":"#1"},"north":{"uv":[7.8135,8.251,7.874,8.3115],"tintindex":0,"rotation":0,"texture":"#1"},"west":{"uv":[6.251,5.876,6.5615,5.9365],"tintindex":0,"rotation":0,"texture":"#1"},"up":{"uv":[0.3115,6.6865,0.251,6.376],"tintindex":0,"rotation":0,"texture":"#1"},"down":{"uv":[1.0615,6.376,1.001,6.6865],"tintindex":0,"rotation":0,"texture":"#1"}},"rotation":{"origin":[4.409243,12.469107,6.0],"angle":-45.0,"axis":"z"}},{"from":[6.0,9.0,9.9375],"to":[10.0,14.0,10.9375],"faces":{"east":{"uv":[1.251,6.501,1.3115,6.8115],"tintindex":0,"rotation":0,"texture":"#1"},"south":{"uv":[3.6885,1.626,3.9365,1.9365],"tintindex":0,"rotation":0,"texture":"#1"},"north":{"uv":[3.626,0.001,3.874,0.3115],"tintindex":0,"rotation":0,"texture":"#1"},"west":{"uv":[1.376,6.501,1.4365,6.8115],"tintindex":0,"rotation":0,"texture":"#1"},"up":{"uv":[7.3115,0.4365,7.0635,0.376],"tintindex":0,"rotation":0,"texture":"#1"},"down":{"uv":[0.6865,7.0635,0.4385,7.124],"tintindex":0,"rotation":0,"texture":"#1"}}},{"from":[5.0,17.0,5.5],"to":[11.0,20.0,6.5],"faces":{"east":{"uv":[7.5635,1.876,7.624,2.0615],"tintindex":0,"rotation":0,"texture":"#1"},"south":{"uv":[3.001,3.8135,3.374,3.999],"tintindex":0,"rotation":0,"texture":"#1"},"north":{"uv":[3.8135,2.001,4.1865,2.1865],"tintindex":0,"rotation":0,"texture":"#1"},"west":{"uv":[2.251,7.5635,2.3115,7.749],"tintindex":0,"rotation":0,"texture":"#1"},"up":{"uv":[6.499,1.3115,6.126,1.251],"tintindex":0,"rotation":0,"texture":"#1"},"down":{"uv":[6.499,1.751,6.126,1.8115],"tintindex":0,"rotation":0,"texture":"#1"}}},{"from":[6.863961,17.156855,6.01],"to":[8.363961,18.156855,9.99],"faces":{"east":{"uv":[7.251,0.8135,7.499,0.874],"tintindex":0,"rotation":0,"texture":"#1"},"south":{"uv":[7.9385,4.3135,8.0615,4.374],"tintindex":0,"rotation":0,"texture":"#1"},"north":{"uv":[7.9385,4.1885,8.0615,4.249],"tintindex":0,"rotation":0,"texture":"#1"},"west":{"uv":[7.251,2.376,7.499,2.4365],"tintindex":0,"rotation":0,"texture":"#1"},"up":{"uv":[3.124,5.999,3.001,5.751],"tintindex":0,"rotation":0,"texture":"#1"},"down":{"uv":[5.874,4.8135,5.751,5.0615],"tintindex":0,"rotation":0,"texture":"#1"}},"rotation":{"origin":[16.86396,17.656855,9.49],"angle":45.0,"axis":"z"}},{"from":[6.7187176,8.7045,5.5535],"to":[7.212218,9.198,5.6865],"faces":{"east":{"uv":[8.0635,6.501,8.124,6.5615],"tintindex":0,"rotation":0,"texture":"#1"},"south":{"uv":[8.0635,6.626,8.124,6.6865],"tintindex":0,"rotation":0,"texture":"#1"},"north":{"uv":[8.0635,6.376,8.124,6.4365],"tintindex":0,"rotation":0,"texture":"#1"},"west":{"uv":[8.0635,6.9385,8.124,6.999],"tintindex":0,"rotation":0,"texture":"#1"},"up":{"uv":[8.124,7.124,8.0635,7.0635],"tintindex":0,"rotation":0,"texture":"#1"},"down":{"uv":[7.249,8.0635,7.1885,8.124],"tintindex":0,"rotation":0,"texture":"#1"}},"rotation":{"origin":[6.9392176,8.925,5.3575],"angle":-45.0,"axis":"z"}},{"from":[3.9850001,12.96,6.01],"to":[12.015,15.04,9.99],"faces":{"east":{"uv":[15.025,0.0,16.0,0.5],"tintindex":0,"rotation":0,"texture":"#0"},"south":{"uv":[15.025,0.0,16.0,0.5],"tintindex":0,"rotation":0,"texture":"#0"},"north":{"uv":[15.025,0.0,16.0,0.5],"tintindex":0,"rotation":0,"texture":"#0"},"west":{"uv":[15.025,0.0,16.0,0.5],"tintindex":0,"rotation":0,"texture":"#0"},"up":{"uv":[15.025,0.0,16.0,0.5],"tintindex":0,"rotation":0,"texture":"#0"},"down":{"uv":[15.025,0.0,16.0,0.5],"tintindex":0,"rotation":0,"texture":"#0"}}},{"from":[6.0,15.0,10.0],"to":[10.0,16.0,11.0],"faces":{"east":{"uv":[4.376,8.3135,4.4365,8.374],"tintindex":0,"rotation":0,"texture":"#1"},"south":{"uv":[7.001,4.751,7.249,4.8115],"tintindex":0,"rotation":0,"texture":"#1"},"north":{"uv":[7.001,1.501,7.249,1.5615],"tintindex":0,"rotation":0,"texture":"#1"},"west":{"uv":[8.3135,4.376,8.374,4.4365],"tintindex":0,"rotation":0,"texture":"#1"},"up":{"uv":[7.249,5.624,7.001,5.5635],"tintindex":0,"rotation":0,"texture":"#1"},"down":{"uv":[0.249,7.0635,0.001,7.124],"tintindex":0,"rotation":0,"texture":"#1"}}},{"from":[9.4,0.0,5.5],"to":[10.4,3.0,6.5],"faces":{"east":{"uv":[7.5635,4.4385,7.624,4.624],"tintindex":0,"rotation":0,"texture":"#1"},"south":{"uv":[7.5635,5.001,7.624,5.1865],"tintindex":0,"rotation":0,"texture":"#1"},"north":{"uv":[7.5635,4.1885,7.624,4.374],"tintindex":0,"rotation":0,"texture":"#1"},"west":{"uv":[7.5635,5.251,7.624,5.4365],"tintindex":0,"rotation":0,"texture":"#1"},"up":{"uv":[8.4365,4.5615,8.376,4.501],"tintindex":0,"rotation":0,"texture":"#1"},"down":{"uv":[8.4365,4.626,8.376,4.6865],"tintindex":0,"rotation":0,"texture":"#1"}}},{"from":[8.5,9.0,6.15],"to":[10.5,11.0,9.85],"faces":{"east":{"uv":[5.4385,3.8135,5.6865,3.9365],"tintindex":0,"rotation":0,"texture":"#1"},"south":{"uv":[6.4385,0.376,6.5615,0.499],"tintindex":0,"rotation":0,"texture":"#1"},"north":{"uv":[6.376,5.376,6.499,5.499],"tintindex":0,"rotation":0,"texture":"#1"},"west":{"uv":[5.4385,4.001,5.6865,4.124],"tintindex":0,"rotation":0,"texture":"#1"},"up":{"uv":[5.249,5.624,5.126,5.376],"tintindex":0,"rotation":0,"texture":"#1"},"down":{"uv":[1.749,5.4385,1.626,5.6865],"tintindex":0,"rotation":0,"texture":"#1"}}},{"from":[4.69375,12.68125,9.85],"to":[5.69375,13.13125,10.0],"faces":{"east":{"uv":[15.025,0.0,16.0,0.5],"tintindex":0,"rotation":0,"texture":"#0"},"south":{"uv":[15.025,0.0,16.0,0.5],"tintindex":0,"rotation":0,"texture":"#0"},"north":{"uv":[15.025,0.0,16.0,0.5],"tintindex":0,"rotation":0,"texture":"#0"},"west":{"uv":[15.025,0.0,16.0,0.5],"tintindex":0,"rotation":0,"texture":"#0"},"up":{"uv":[15.025,0.0,16.0,0.5],"tintindex":0,"rotation":0,"texture":"#0"},"down":{"uv":[15.025,0.0,16.0,0.5],"tintindex":0,"rotation":0,"texture":"#0"}}},{"from":[4.69375,14.43125,9.85],"to":[6.69375,14.88125,10.0],"faces":{"east":{"uv":[15.025,0.0,16.0,0.5],"tintindex":0,"rotation":0,"texture":"#0"},"south":{"uv":[15.025,0.0,16.0,0.5],"tintindex":0,"rotation":0,"texture":"#0"},"north":{"uv":[15.025,0.0,16.0,0.5],"tintindex":0,"rotation":0,"texture":"#0"},"west":{"uv":[15.025,0.0,16.0,0.5],"tintindex":0,"rotation":0,"texture":"#0"},"up":{"uv":[15.025,0.0,16.0,0.5],"tintindex":0,"rotation":0,"texture":"#0"},"down":{"uv":[15.025,0.0,16.0,0.5],"tintindex":0,"rotation":0,"texture":"#0"}}},{"from":[1.5,0.5,10.55],"to":[6.5,3.5,11.55],"faces":{"east":{"uv":[3.1885,7.501,3.249,7.6865],"tintindex":0,"rotation":0,"texture":"#1"},"south":{"uv":[3.9385,4.876,4.249,5.0615],"tintindex":0,"rotation":0,"texture":"#1"},"north":{"uv":[3.9385,4.876,4.249,5.0615],"tintindex":0,"rotation":0,"texture":"#1"},"west":{"uv":[3.3135,7.501,3.374,7.6865],"tintindex":0,"rotation":0,"texture":"#1"},"up":{"uv":[6.5615,3.874,6.251,3.8135],"tintindex":0,"rotation":0,"texture":"#1"},"down":{"uv":[6.5615,3.9385,6.251,3.999],"tintindex":0,"rotation":0,"texture":"#1"}}},{"from":[11.293635,1.995,5.481136],"to":[12.303636,7.005,6.491136],"faces":{"east":{"uv":[6.626,6.126,6.6865,6.4365],"tintindex":0,"rotation":0,"texture":"#1"},"south":{"uv":[6.626,6.501,6.6865,6.8115],"tintindex":0,"rotation":0,"texture":"#1"},"north":{"uv":[5.876,6.626,5.9365,6.9365],"tintindex":0,"rotation":0,"texture":"#1"},"west":{"uv":[6.6885,0.001,6.749,0.3115],"tintindex":0,"rotation":0,"texture":"#1"},"up":{"uv":[8.4365,3.749,8.376,3.6885],"tintindex":0,"rotation":0,"texture":"#1"},"down":{"uv":[8.4365,3.8135,8.376,3.874],"tintindex":0,"rotation":0,"texture":"#1"}},"rotation":{"origin":[12.136136,4.5,5.986136],"angle":22.5,"axis":"y"}},{"from":[8.4,1.0,6.5],"to":[11.4,3.0,9.5],"faces":{"east":{"uv":[15.025,0.0,16.0,0.5],"tintindex":0,"rotation":0,"texture":"#0"},"south":{"uv":[15.025,0.0,16.0,0.5],"tintindex":0,"rotation":0,"texture":"#0"},"north":{"uv":[15.025,0.0,16.0,0.5],"tintindex":0,"rotation":0,"texture":"#0"},"west":{"uv":[15.025,0.0,16.0,0.5],"tintindex":0,"rotation":0,"texture":"#0"},"up":{"uv":[15.025,0.0,16.0,0.5],"tintindex":0,"rotation":0,"texture":"#0"},"down":{"uv":[15.025,0.0,16.0,0.5],"tintindex":0,"rotation":0,"texture":"#0"}}},{"from":[4.6,-2.0,6.5],"to":[7.6,1.25,9.5],"faces":{"east":{"uv":[15.025,0.0,16.0,0.5],"tintindex":0,"rotation":0,"texture":"#0"},"south":{"uv":[15.025,0.0,16.0,0.5],"tintindex":0,"rotation":0,"texture":"#0"},"north":{"uv":[15.025,0.0,16.0,0.5],"tintindex":0,"rotation":0,"texture":"#0"},"west":{"uv":[15.025,0.0,16.0,0.5],"tintindex":0,"rotation":0,"texture":"#0"},"up":{"uv":[15.025,0.0,16.0,0.5],"tintindex":0,"rotation":0,"texture":"#0"},"down":{"uv":[15.025,0.0,16.0,0.5],"tintindex":0,"rotation":0,"texture":"#0"}}},{"from":[5.5,-8.5,10.55],"to":[6.5,-7.5,11.55],"faces":{"east":{"uv":[8.1885,7.6885,8.249,7.749],"tintindex":0,"rotation":0,"texture":"#1"},"south":{"uv":[7.9385,8.1885,7.999,8.249],"tintindex":0,"rotation":0,"texture":"#1"},"north":{"uv":[7.9385,8.1885,7.999,8.249],"tintindex":0,"rotation":0,"texture":"#1"},"west":{"uv":[8.0635,8.1885,8.124,8.249],"tintindex":0,"rotation":0,"texture":"#1"},"up":{"uv":[8.249,8.249,8.1885,8.1885],"tintindex":0,"rotation":0,"texture":"#1"},"down":{"uv":[0.1865,8.251,0.126,8.3115],"tintindex":0,"rotation":0,"texture":"#1"}}},{"from":[8.503,16.210108,5.003],"to":[9.497,17.204107,5.997],"faces":{"east":{"uv":[8.251,2.8135,8.3115,2.874],"tintindex":0,"rotation":0,"texture":"#1"},"south":{"uv":[8.251,2.9385,8.3115,2.999],"tintindex":0,"rotation":0,"texture":"#1"},"north":{"uv":[8.251,2.6885,8.3115,2.749],"tintindex":0,"rotation":0,"texture":"#1"},"west":{"uv":[3.001,8.251,3.0615,8.3115],"tintindex":0,"rotation":0,"texture":"#1"},"up":{"uv":[8.3115,3.124,8.251,3.0635],"tintindex":0,"rotation":0,"texture":"#1"},"down":{"uv":[3.1865,8.251,3.126,8.3115],"tintindex":0,"rotation":0,"texture":"#1"}},"rotation":{"origin":[9.0,16.707108,5.5],"angle":-45.0,"axis":"z"}},{"from":[9.30625,14.43125,6.0],"to":[11.80625,14.88125,6.15],"faces":{"east":{"uv":[15.025,0.0,16.0,0.5],"tintindex":0,"rotation":0,"texture":"#0"},"south":{"uv":[15.025,0.0,16.0,0.5],"tintindex":0,"rotation":0,"texture":"#0"},"north":{"uv":[15.025,0.0,16.0,0.5],"tintindex":0,"rotation":0,"texture":"#0"},"west":{"uv":[15.025,0.0,16.0,0.5],"tintindex":0,"rotation":0,"texture":"#0"},"up":{"uv":[15.025,0.0,16.0,0.5],"tintindex":0,"rotation":0,"texture":"#0"},"down":{"uv":[15.025,0.0,16.0,0.5],"tintindex":0,"rotation":0,"texture":"#0"}}},{"from":[7.6752977,7.2749996,5.54972],"to":[8.375298,9.174999,5.69028],"faces":{"east":{"uv":[7.6885,4.4385,7.749,4.5615],"tintindex":0,"rotation":0,"texture":"#1"},"south":{"uv":[7.6885,4.9385,7.749,5.0615],"tintindex":0,"rotation":0,"texture":"#1"},"north":{"uv":[4.3135,7.6885,4.374,7.8115],"tintindex":0,"rotation":0,"texture":"#1"},"west":{"uv":[7.6885,5.126,7.749,5.249],"tintindex":0,"rotation":0,"texture":"#1"},"up":{"uv":[8.124,5.999,8.0635,5.9385],"tintindex":0,"rotation":0,"texture":"#1"},"down":{"uv":[8.124,6.251,8.0635,6.3115],"tintindex":0,"rotation":0,"texture":"#1"}}},{"from":[8.270674,-6.1175003,9.1797085],"to":[9.280673,-2.1075,10.189709],"faces":{"east":{"uv":[6.251,7.1885,6.3115,7.4365],"tintindex":0,"rotation":0,"texture":"#1"},"south":{"uv":[7.1885,6.4385,7.249,6.6865],"tintindex":0,"rotation":0,"texture":"#1"},"north":{"uv":[6.126,7.1885,6.1865,7.4365],"tintindex":0,"rotation":0,"texture":"#1"},"west":{"uv":[6.5635,7.1885,6.624,7.4365],"tintindex":0,"rotation":0,"texture":"#1"},"up":{"uv":[7.124,8.4365,7.0635,8.376],"tintindex":0,"rotation":0,"texture":"#1"},"down":{"uv":[8.4365,7.1885,8.376,7.249],"tintindex":0,"rotation":0,"texture":"#1"}},"rotation":{"origin":[8.775674,-4.1125,9.684709],"angle":-22.5,"axis":"y"}},{"from":[8.156855,17.86396,6.01],"to":[9.156855,18.86396,9.99],"faces":{"east":{"uv":[6.6885,3.251,6.9365,3.3115],"tintindex":0,"rotation":0,"texture":"#1"},"south":{"uv":[7.0635,8.001,7.124,8.0615],"tintindex":0,"rotation":0,"texture":"#1"},"north":{"uv":[6.9385,8.001,6.999,8.0615],"tintindex":0,"rotation":0,"texture":"#1"},"west":{"uv":[6.6885,3.376,6.9365,3.4365],"tintindex":0,"rotation":0,"texture":"#1"},"up":{"uv":[6.749,4.249,6.6885,4.001],"tintindex":0,"rotation":0,"texture":"#1"},"down":{"uv":[5.3115,6.6885,5.251,6.9365],"tintindex":0,"rotation":0,"texture":"#1"}},"rotation":{"origin":[17.656855,18.36396,9.5],"angle":45.0,"axis":"z"}},{"from":[3.8706732,-6.1175003,9.1797085],"to":[4.8806734,-2.1075,10.189709],"faces":{"east":{"uv":[1.876,7.1885,1.9365,7.4365],"tintindex":0,"rotation":0,"texture":"#1"},"south":{"uv":[7.1885,1.876,7.249,2.124],"tintindex":0,"rotation":0,"texture":"#1"},"north":{"uv":[1.626,7.1885,1.6865,7.4365],"tintindex":0,"rotation":0,"texture":"#1"},"west":{"uv":[2.9385,7.1885,2.999,7.4365],"tintindex":0,"rotation":0,"texture":"#1"},"up":{"uv":[8.4365,5.624,8.376,5.5635],"tintindex":0,"rotation":0,"texture":"#1"},"down":{"uv":[8.4365,5.9385,8.376,5.999],"tintindex":0,"rotation":0,"texture":"#1"}},"rotation":{"origin":[4.3756733,-4.1125,9.684709],"angle":-22.5,"axis":"y"}},{"from":[4.3986216,8.469107,5.513107],"to":[5.3986216,12.469107,6.513107],"faces":{"east":{"uv":[6.9385,6.501,6.999,6.749],"tintindex":0,"rotation":0,"texture":"#1"},"south":{"uv":[6.751,6.9385,6.8115,7.1865],"tintindex":0,"rotation":0,"texture":"#1"},"north":{"uv":[6.9385,6.1885,6.999,6.4365],"tintindex":0,"rotation":0,"texture":"#1"},"west":{"uv":[6.9385,6.8135,6.999,7.0615],"tintindex":0,"rotation":0,"texture":"#1"},"up":{"uv":[6.999,8.3115,6.9385,8.251],"tintindex":0,"rotation":0,"texture":"#1"},"down":{"uv":[7.124,8.251,7.0635,8.3115],"tintindex":0,"rotation":0,"texture":"#1"}},"rotation":{"origin":[4.8986216,8.969107,6.013107],"angle":45.0,"axis":"y"}},{"from":[8.503,15.210108,10.503],"to":[9.497,16.204107,11.497],"faces":{"east":{"uv":[5.6885,8.3135,5.749,8.374],"tintindex":0,"rotation":0,"texture":"#1"},"south":{"uv":[8.3135,5.6885,8.374,5.749],"tintindex":0,"rotation":0,"texture":"#1"},"north":{"uv":[5.5635,8.3135,5.624,8.374],"tintindex":0,"rotation":0,"texture":"#1"},"west":{"uv":[5.8135,8.3135,5.874,8.374],"tintindex":0,"rotation":0,"texture":"#1"},"up":{"uv":[8.374,5.874,8.3135,5.8135],"tintindex":0,"rotation":0,"texture":"#1"},"down":{"uv":[5.999,8.3135,5.9385,8.374],"tintindex":0,"rotation":0,"texture":"#1"}},"rotation":{"origin":[9.0,15.707108,11.0],"angle":-45.0,"axis":"z"}},{"from":[11.293635,2.995,9.508864],"to":[12.303636,8.005,10.518865],"faces":{"east":{"uv":[5.376,6.626,5.4365,6.9365],"tintindex":0,"rotation":0,"texture":"#1"},"south":{"uv":[5.501,6.626,5.5615,6.9365],"tintindex":0,"rotation":0,"texture":"#1"},"north":{"uv":[5.126,6.626,5.1865,6.9365],"tintindex":0,"rotation":0,"texture":"#1"},"west":{"uv":[6.626,5.751,6.6865,6.0615],"tintindex":0,"rotation":0,"texture":"#1"},"up":{"uv":[8.4365,3.3115,8.376,3.251],"tintindex":0,"rotation":0,"texture":"#1"},"down":{"uv":[8.4365,3.376,8.376,3.4365],"tintindex":0,"rotation":0,"texture":"#1"}},"rotation":{"origin":[12.136136,5.5,10.0138645],"angle":-22.5,"axis":"y"}},{"from":[6.0,16.0,5.5],"to":[10.0,17.0,6.5],"faces":{"east":{"uv":[8.251,4.001,8.3115,4.0615],"tintindex":0,"rotation":0,"texture":"#1"},"south":{"uv":[6.9385,3.126,7.1865,3.1865],"tintindex":0,"rotation":0,"texture":"#1"},"north":{"uv":[6.9385,1.376,7.1865,1.4365],"tintindex":0,"rotation":0,"texture":"#1"},"west":{"uv":[8.251,4.126,8.3115,4.1865],"tintindex":0,"rotation":0,"texture":"#1"},"up":{"uv":[4.249,6.999,4.001,6.9385],"tintindex":0,"rotation":0,"texture":"#1"},"down":{"uv":[7.1865,4.4385,6.9385,4.499],"tintindex":0,"rotation":0,"texture":"#1"}}},{"from":[9.15,-7.0,2.0],"to":[11.15,-5.0,3.0],"faces":{"east":{"uv":[3.0635,7.9385,3.124,8.0615],"tintindex":0,"rotation":0,"texture":"#1"},"south":{"uv":[7.251,1.126,7.374,1.249],"tintindex":0,"rotation":0,"texture":"#1"},"north":{"uv":[7.251,0.626,7.374,0.749],"tintindex":0,"rotation":0,"texture":"#1"},"west":{"uv":[3.1885,7.9385,3.249,8.0615],"tintindex":0,"rotation":0,"texture":"#1"},"up":{"uv":[8.0615,2.999,7.9385,2.9385],"tintindex":0,"rotation":0,"texture":"#1"},"down":{"uv":[3.4365,7.9385,3.3135,7.999],"tintindex":0,"rotation":0,"texture":"#1"}}},{"from":[10.30625,12.88125,6.0],"to":[11.30625,13.331249,6.15],"faces":{"east":{"uv":[15.025,0.0,16.0,0.5],"tintindex":0,"rotation":0,"texture":"#0"},"south":{"uv":[15.025,0.0,16.0,0.5],"tintindex":0,"rotation":0,"texture":"#0"},"north":{"uv":[15.025,0.0,16.0,0.5],"tintindex":0,"rotation":0,"texture":"#0"},"west":{"uv":[15.025,0.0,16.0,0.5],"tintindex":0,"rotation":0,"texture":"#0"},"up":{"uv":[15.025,0.0,16.0,0.5],"tintindex":0,"rotation":0,"texture":"#0"},"down":{"uv":[15.025,0.0,16.0,0.5],"tintindex":0,"rotation":0,"texture":"#0"}}},{"from":[4.5,9.0,6.0],"to":[5.5,11.0,10.0],"faces":{"east":{"uv":[5.4385,5.001,5.6865,5.124],"tintindex":0,"rotation":0,"texture":"#1"},"south":{"uv":[7.6885,3.876,7.749,3.999],"tintindex":0,"rotation":0,"texture":"#1"},"north":{"uv":[7.6885,3.4385,7.749,3.5615],"tintindex":0,"rotation":0,"texture":"#1"},"west":{"uv":[5.4385,5.1885,5.6865,5.3115],"tintindex":0,"rotation":0,"texture":"#1"},"up":{"uv":[6.0615,6.999,6.001,6.751],"tintindex":0,"rotation":0,"texture":"#1"},"down":{"uv":[6.1865,6.751,6.126,6.999],"tintindex":0,"rotation":0,"texture":"#1"}}},{"from":[6.5,2.5,10.55],"to":[8.5,3.5,11.55],"faces":{"east":{"uv":[0.251,8.251,0.3115,8.3115],"tintindex":0,"rotation":0,"texture":"#1"},"south":{"uv":[7.8135,6.126,7.9365,6.1865],"tintindex":0,"rotation":0,"texture":"#1"},"north":{"uv":[7.8135,5.1885,7.9365,5.249],"tintindex":0,"rotation":0,"texture":"#1"},"west":{"uv":[8.251,0.251,8.3115,0.3115],"tintindex":0,"rotation":0,"texture":"#1"},"up":{"uv":[7.749,7.874,7.626,7.8135],"tintindex":0,"rotation":0,"texture":"#1"},"down":{"uv":[7.9365,7.8135,7.8135,7.874],"tintindex":0,"rotation":0,"texture":"#1"}}},{"from":[10.4,0.0,5.5],"to":[11.4,2.0,6.5],"faces":{"east":{"uv":[1.8135,7.9385,1.874,8.0615],"tintindex":0,"rotation":0,"texture":"#1"},"south":{"uv":[2.376,7.9385,2.4365,8.0615],"tintindex":0,"rotation":0,"texture":"#1"},"north":{"uv":[7.9385,1.6885,7.999,1.8115],"tintindex":0,"rotation":0,"texture":"#1"},"west":{"uv":[7.9385,2.501,7.999,2.624],"tintindex":0,"rotation":0,"texture":"#1"},"up":{"uv":[8.4365,4.124,8.376,4.0635],"tintindex":0,"rotation":0,"texture":"#1"},"down":{"uv":[8.4365,4.1885,8.376,4.249],"tintindex":0,"rotation":0,"texture":"#1"}},"rotation":{"origin":[10.9,1.0,6.0],"angle":-22.5,"axis":"y"}},{"from":[6.7187176,7.3044996,5.5535],"to":[7.212218,7.7980003,5.6865],"faces":{"east":{"uv":[7.3135,8.0635,7.374,8.124],"tintindex":0,"rotation":0,"texture":"#1"},"south":{"uv":[8.0635,7.6885,8.124,7.749],"tintindex":0,"rotation":0,"texture":"#1"},"north":{"uv":[8.0635,7.1885,8.124,7.249],"tintindex":0,"rotation":0,"texture":"#1"},"west":{"uv":[8.001,8.0635,8.0615,8.124],"tintindex":0,"rotation":0,"texture":"#1"},"up":{"uv":[0.1865,8.1865,0.126,8.126],"tintindex":0,"rotation":0,"texture":"#1"},"down":{"uv":[0.3115,8.126,0.251,8.1865],"tintindex":0,"rotation":0,"texture":"#1"}},"rotation":{"origin":[6.9392176,7.5249996,5.3575],"angle":-45.0,"axis":"z"}},{"from":[4.025,12.0,6.05],"to":[11.975,13.0,9.95],"faces":{"east":{"uv":[15.025,0.0,16.0,0.5],"tintindex":0,"rotation":0,"texture":"#0"},"south":{"uv":[15.025,0.0,16.0,0.5],"tintindex":0,"rotation":0,"texture":"#0"},"north":{"uv":[15.025,0.0,16.0,0.5],"tintindex":0,"rotation":0,"texture":"#0"},"west":{"uv":[15.025,0.0,16.0,0.5],"tintindex":0,"rotation":0,"texture":"#0"},"up":{"uv":[15.025,0.0,16.0,0.5],"tintindex":0,"rotation":0,"texture":"#0"},"down":{"uv":[15.025,0.0,16.0,0.5],"tintindex":0,"rotation":0,"texture":"#0"}}},{"from":[8.818718,8.7045,5.5535],"to":[9.312218,9.198,5.6865],"faces":{"east":{"uv":[8.0635,1.626,8.124,1.6865],"tintindex":0,"rotation":0,"texture":"#1"},"south":{"uv":[8.0635,1.751,8.124,1.8115],"tintindex":0,"rotation":0,"texture":"#1"},"north":{"uv":[8.0635,1.501,8.124,1.5615],"tintindex":0,"rotation":0,"texture":"#1"},"west":{"uv":[2.126,8.0635,2.1865,8.124],"tintindex":0,"rotation":0,"texture":"#1"},"up":{"uv":[8.124,2.5615,8.0635,2.501],"tintindex":0,"rotation":0,"texture":"#1"},"down":{"uv":[2.9365,8.0635,2.876,8.124],"tintindex":0,"rotation":0,"texture":"#1"}},"rotation":{"origin":[9.039218,8.925,5.3575],"angle":-45.0,"axis":"z"}},{"from":[4.5,-7.5,10.55],"to":[5.5,-5.5,11.55],"faces":{"east":{"uv":[5.6885,7.8135,5.749,7.9365],"tintindex":0,"rotation":0,"texture":"#1"},"south":{"uv":[7.8135,6.376,7.874,6.499],"tintindex":0,"rotation":0,"texture":"#1"},"north":{"uv":[5.5635,7.8135,5.624,7.9365],"tintindex":0,"rotation":0,"texture":"#1"},"west":{"uv":[7.501,7.8135,7.5615,7.9365],"tintindex":0,"rotation":0,"texture":"#1"},"up":{"uv":[8.249,7.1865,8.1885,7.126],"tintindex":0,"rotation":0,"texture":"#1"},"down":{"uv":[7.249,8.1885,7.1885,8.249],"tintindex":0,"rotation":0,"texture":"#1"}}}],"display":{"gui":{"rotation":[30,225,0]}}}