{"textures":{"0":"modelengine:entity/boneshadingravager","1":"modelengine:entity/fallenravager","2":"modelengine:entity/fravager_gosido"},"elements":[{"from":[4.0,8.75,4.25],"to":[12.0,16.75,12.25],"faces":{"east":{"uv":[1.001,1.4385,1.499,1.9365],"tintindex":0,"rotation":0,"texture":"#1"},"south":{"uv":[1.5635,0.876,2.0615,1.374],"tintindex":0,"rotation":0,"texture":"#1"},"north":{"uv":[1.001,0.876,1.499,1.374],"tintindex":0,"rotation":0,"texture":"#1"},"west":{"uv":[1.5635,1.4385,2.0615,1.9365],"tintindex":0,"rotation":0,"texture":"#1"},"up":{"uv":[0.499,2.499,0.001,2.001],"tintindex":0,"rotation":0,"texture":"#1"},"down":{"uv":[2.499,0.001,2.001,0.499],"tintindex":0,"rotation":0,"texture":"#1"}}},{"from":[9.005,14.755,3.255],"to":[9.995,17.745,4.245],"faces":{"east":{"uv":[7.4385,4.1885,7.499,4.374],"tintindex":0,"rotation":0,"texture":"#1"},"south":{"uv":[4.3135,7.4385,4.374,7.624],"tintindex":0,"rotation":0,"texture":"#1"},"north":{"uv":[7.4385,3.9385,7.499,4.124],"tintindex":0,"rotation":0,"texture":"#1"},"west":{"uv":[7.4385,4.4385,7.499,4.624],"tintindex":0,"rotation":0,"texture":"#1"},"up":{"uv":[8.249,1.6865,8.1885,1.626],"tintindex":0,"rotation":0,"texture":"#1"},"down":{"uv":[8.249,1.751,8.1885,1.8115],"tintindex":0,"rotation":0,"texture":"#1"}},"rotation":{"origin":[9.5,16.75,3.75],"angle":-22.5,"axis":"y"}},{"from":[6.998,7.748,12.248],"to":[9.002,17.752,13.252],"faces":{"east":{"uv":[2.751,4.0635,2.8115,4.6865],"tintindex":0,"rotation":0,"texture":"#1"},"south":{"uv":[0.6885,3.5635,0.8115,4.1865],"tintindex":0,"rotation":0,"texture":"#1"},"north":{"uv":[2.6885,3.001,2.8115,3.624],"tintindex":0,"rotation":0,"texture":"#1"},"west":{"uv":[2.126,5.126,2.1865,5.749],"tintindex":0,"rotation":0,"texture":"#1"},"up":{"uv":[7.8115,7.749,7.6885,7.6885],"tintindex":0,"rotation":0,"texture":"#1"},"down":{"uv":[0.124,7.751,0.001,7.8115],"tintindex":0,"rotation":0,"texture":"#1"}}},{"from":[2.7624998,13.337502,5.8375],"to":[3.7624998,14.337502,6.8375],"faces":{"east":{"uv":[8.126,7.9385,8.1865,7.999],"tintindex":0,"rotation":0,"texture":"#1"},"south":{"uv":[8.126,8.0635,8.1865,8.124],"tintindex":0,"rotation":0,"texture":"#1"},"north":{"uv":[8.126,7.8135,8.1865,7.874],"tintindex":0,"rotation":0,"texture":"#1"},"west":{"uv":[0.001,8.1885,0.0615,8.249],"tintindex":0,"rotation":0,"texture":"#1"},"up":{"uv":[8.249,0.0615,8.1885,0.001],"tintindex":0,"rotation":0,"texture":"#1"},"down":{"uv":[8.249,0.126,8.1885,0.1865],"tintindex":0,"rotation":0,"texture":"#1"}}},{"from":[7.5,18.75,8.25],"to":[8.5,20.75,10.25],"faces":{"east":{"uv":[8.001,1.001,9.999,2.999],"tintindex":0,"rotation":0,"texture":"#2"},"south":{"uv":[8.001,1.001,8.999,2.999],"tintindex":0,"rotation":0,"texture":"#2"},"north":{"uv":[9.001,1.001,9.999,2.999],"tintindex":0,"rotation":0,"texture":"#2"},"west":{"uv":[8.001,2.999,9.999,1.001],"tintindex":0,"rotation":180,"texture":"#2"},"up":{"uv":[9.999,1.001,8.001,1.999],"tintindex":0,"rotation":90,"texture":"#2"},"down":{"uv":[8.001,2.001,9.999,2.999],"tintindex":0,"rotation":90,"texture":"#2"}}},{"from":[7.0,12.75,3.25],"to":[9.0,13.75,4.25],"faces":{"east":{"uv":[8.376,7.3135,8.4365,7.374],"tintindex":0,"rotation":0,"texture":"#1"},"south":{"uv":[3.876,7.9385,3.999,7.999],"tintindex":0,"rotation":0,"texture":"#1"},"north":{"uv":[7.9385,3.8135,8.0615,3.874],"tintindex":0,"rotation":0,"texture":"#1"},"west":{"uv":[7.4385,8.376,7.499,8.4365],"tintindex":0,"rotation":0,"texture":"#1"},"up":{"uv":[8.0615,3.999,7.9385,3.9385],"tintindex":0,"rotation":0,"texture":"#1"},"down":{"uv":[8.0615,4.0635,7.9385,4.124],"tintindex":0,"rotation":0,"texture":"#1"}}},{"from":[7.5,12.75,14.25],"to":[8.5,17.75,15.25],"faces":{"east":{"uv":[3.001,4.001,3.999,8.999],"tintindex":0,"rotation":0,"texture":"#2"},"south":{"uv":[3.001,4.001,3.999,8.999],"tintindex":0,"rotation":0,"texture":"#2"},"north":{"uv":[3.001,4.001,3.999,8.999],"tintindex":0,"rotation":0,"texture":"#2"},"west":{"uv":[3.001,8.999,3.999,4.001],"tintindex":0,"rotation":180,"texture":"#2"},"up":{"uv":[3.999,4.001,3.001,4.999],"tintindex":0,"rotation":90,"texture":"#2"},"down":{"uv":[3.001,8.001,3.999,8.999],"tintindex":0,"rotation":90,"texture":"#2"}}},{"from":[7.5,19.75,10.25],"to":[8.5,21.75,15.25],"faces":{"east":{"uv":[3.001,0.001,7.999,1.999],"tintindex":0,"rotation":0,"texture":"#2"},"south":{"uv":[3.001,0.001,3.999,1.999],"tintindex":0,"rotation":0,"texture":"#2"},"north":{"uv":[7.001,0.001,7.999,1.999],"tintindex":0,"rotation":0,"texture":"#2"},"west":{"uv":[3.001,1.999,7.999,0.001],"tintindex":0,"rotation":180,"texture":"#2"},"up":{"uv":[7.999,0.001,3.001,0.999],"tintindex":0,"rotation":90,"texture":"#2"},"down":{"uv":[3.001,1.001,7.999,1.999],"tintindex":0,"rotation":90,"texture":"#2"}}},{"from":[8.0,8.75,6.25],"to":[8.0,23.75,21.25],"faces":{"east":{"uv":[0.0,0.0,0.9375,0.9375],"tintindex":0,"rotation":0,"texture":"#1"},"west":{"uv":[0.0,1.0,0.9375,1.9375],"tintindex":0,"rotation":0,"texture":"#1"}}},{"from":[5.0,16.75,4.25],"to":[11.0,17.75,12.25],"faces":{"east":{"uv":[2.626,5.501,3.124,5.5615],"tintindex":0,"rotation":0,"texture":"#1"},"south":{"uv":[5.9385,5.001,6.3115,5.0615],"tintindex":0,"rotation":0,"texture":"#1"},"north":{"uv":[5.9385,2.126,6.3115,2.1865],"tintindex":0,"rotation":0,"texture":"#1"},"west":{"uv":[5.501,4.4385,5.999,4.499],"tintindex":0,"rotation":0,"texture":"#1"},"up":{"uv":[2.3115,2.499,1.9385,2.001],"tintindex":0,"rotation":0,"texture":"#1"},"down":{"uv":[2.499,0.5635,2.126,1.0615],"tintindex":0,"rotation":0,"texture":"#1"}}},{"from":[12.0,16.75,12.25],"to":[4.0,8.75,4.25],"faces":{"east":{"uv":[1.5635,1.9365,2.0615,1.4385],"tintindex":0,"rotation":0,"texture":"#1"},"south":{"uv":[1.001,1.374,1.499,0.876],"tintindex":0,"rotation":0,"texture":"#1"},"north":{"uv":[1.5635,1.374,2.0615,0.876],"tintindex":0,"rotation":0,"texture":"#1"},"west":{"uv":[1.001,1.9365,1.499,1.4385],"tintindex":0,"rotation":0,"texture":"#1"},"up":{"uv":[2.001,0.001,2.499,0.499],"tintindex":0,"rotation":0,"texture":"#1"},"down":{"uv":[0.001,2.499,0.499,2.001],"tintindex":0,"rotation":0,"texture":"#1"}}},{"from":[7.5,18.75,7.25],"to":[8.5,19.75,8.25],"faces":{"east":{"uv":[10.001,2.001,10.999,2.999],"tintindex":0,"rotation":0,"texture":"#2"},"south":{"uv":[10.001,2.001,10.999,2.999],"tintindex":0,"rotation":0,"texture":"#2"},"north":{"uv":[10.001,2.001,10.999,2.999],"tintindex":0,"rotation":0,"texture":"#2"},"west":{"uv":[10.001,2.999,10.999,2.001],"tintindex":0,"rotation":180,"texture":"#2"},"up":{"uv":[10.999,2.001,10.001,2.999],"tintindex":0,"rotation":90,"texture":"#2"},"down":{"uv":[10.001,2.001,10.999,2.999],"tintindex":0,"rotation":90,"texture":"#2"}}},{"from":[7.5,18.75,13.25],"to":[8.5,19.75,15.25],"faces":{"east":{"uv":[3.001,2.001,4.999,2.999],"tintindex":0,"rotation":0,"texture":"#2"},"south":{"uv":[3.001,2.001,3.999,2.999],"tintindex":0,"rotation":0,"texture":"#2"},"north":{"uv":[4.001,2.001,4.999,2.999],"tintindex":0,"rotation":0,"texture":"#2"},"west":{"uv":[3.001,2.999,4.999,2.001],"tintindex":0,"rotation":180,"texture":"#2"},"up":{"uv":[4.999,2.001,3.001,2.999],"tintindex":0,"rotation":90,"texture":"#2"},"down":{"uv":[3.001,2.001,4.999,2.999],"tintindex":0,"rotation":90,"texture":"#2"}}},{"from":[3.004,16.2063,6.3280993],"to":[3.996,18.198301,8.320099],"faces":{"east":{"uv":[6.876,0.501,6.999,0.624],"tintindex":0,"rotation":0,"texture":"#1"},"south":{"uv":[4.9385,7.751,4.999,7.874],"tintindex":0,"rotation":0,"texture":"#1"},"north":{"uv":[4.8135,7.751,4.874,7.874],"tintindex":0,"rotation":0,"texture":"#1"},"west":{"uv":[0.6885,6.876,0.8115,6.999],"tintindex":0,"rotation":0,"texture":"#1"},"up":{"uv":[5.374,7.874,5.3135,7.751],"tintindex":0,"rotation":0,"texture":"#1"},"down":{"uv":[5.499,7.751,5.4385,7.874],"tintindex":0,"rotation":0,"texture":"#1"}},"rotation":{"origin":[8.0,14.28989,14.964992],"angle":-22.5,"axis":"x"}},{"from":[10.34086,9.488724,4.25],"to":[11.34086,11.488724,5.25],"faces":{"east":{"uv":[2.9385,7.751,2.999,7.874],"tintindex":0,"rotation":0,"texture":"#1"},"south":{"uv":[3.0635,7.751,3.124,7.874],"tintindex":0,"rotation":0,"texture":"#1"},"north":{"uv":[1.8135,7.751,1.874,7.874],"tintindex":0,"rotation":0,"texture":"#1"},"west":{"uv":[3.1885,7.751,3.249,7.874],"tintindex":0,"rotation":0,"texture":"#1"},"up":{"uv":[8.1865,5.249,8.126,5.1885],"tintindex":0,"rotation":0,"texture":"#1"},"down":{"uv":[5.374,8.126,5.3135,8.1865],"tintindex":0,"rotation":0,"texture":"#1"}},"rotation":{"origin":[8.0,14.28989,14.964992],"angle":22.5,"axis":"z"}},{"from":[9.006,17.556,4.256],"to":[9.994,18.543999,12.244],"faces":{"east":{"uv":[5.626,5.376,6.124,5.4365],"tintindex":0,"rotation":0,"texture":"#1"},"south":{"uv":[2.876,8.1885,2.9365,8.249],"tintindex":0,"rotation":0,"texture":"#1"},"north":{"uv":[2.751,8.1885,2.8115,8.249],"tintindex":0,"rotation":0,"texture":"#1"},"west":{"uv":[5.626,5.501,6.124,5.5615],"tintindex":0,"rotation":0,"texture":"#1"},"up":{"uv":[3.4365,5.999,3.376,5.501],"tintindex":0,"rotation":0,"texture":"#1"},"down":{"uv":[1.5615,5.626,1.501,6.124],"tintindex":0,"rotation":0,"texture":"#1"}},"rotation":{"origin":[9.5,18.25,8.25],"angle":-22.5,"axis":"z"}},{"from":[4.7,9.975,4.55729],"to":[11.275,16.2,6.0822897],"faces":{"north":{"uv":[9.0625,0.0,16.0,0.375],"tintindex":0,"rotation":0,"texture":"#0"}}},{"from":[4.0,13.75,3.25],"to":[12.0,14.75,4.25],"faces":{"east":{"uv":[8.126,5.626,8.1865,5.6865],"tintindex":0,"rotation":0,"texture":"#1"},"south":{"uv":[5.626,0.001,6.124,0.0615],"tintindex":0,"rotation":0,"texture":"#1"},"north":{"uv":[5.5635,4.3135,6.0615,4.374],"tintindex":0,"rotation":0,"texture":"#1"},"west":{"uv":[8.126,6.0635,8.1865,6.124],"tintindex":0,"rotation":0,"texture":"#1"},"up":{"uv":[6.124,0.1865,5.626,0.126],"tintindex":0,"rotation":0,"texture":"#1"},"down":{"uv":[3.124,5.626,2.626,5.6865],"tintindex":0,"rotation":0,"texture":"#1"}}},{"from":[7.0,17.75,4.25],"to":[9.0,18.75,12.25],"faces":{"east":{"uv":[5.626,2.8135,6.124,2.874],"tintindex":0,"rotation":0,"texture":"#1"},"south":{"uv":[7.751,6.8135,7.874,6.874],"tintindex":0,"rotation":0,"texture":"#1"},"north":{"uv":[6.4385,7.751,6.5615,7.8115],"tintindex":0,"rotation":0,"texture":"#1"},"west":{"uv":[5.626,2.9385,6.124,2.999],"tintindex":0,"rotation":0,"texture":"#1"},"up":{"uv":[0.124,4.9365,0.001,4.4385],"tintindex":0,"rotation":0,"texture":"#1"},"down":{"uv":[4.5615,0.626,4.4385,1.124],"tintindex":0,"rotation":0,"texture":"#1"}}},{"from":[4.659139,9.488724,4.25],"to":[5.659139,11.488724,5.25],"faces":{"east":{"uv":[3.4385,7.751,3.499,7.874],"tintindex":0,"rotation":0,"texture":"#1"},"south":{"uv":[3.5635,7.751,3.624,7.874],"tintindex":0,"rotation":0,"texture":"#1"},"north":{"uv":[3.3135,7.751,3.374,7.874],"tintindex":0,"rotation":0,"texture":"#1"},"west":{"uv":[3.9385,7.751,3.999,7.874],"tintindex":0,"rotation":0,"texture":"#1"},"up":{"uv":[8.1865,5.374,8.126,5.3135],"tintindex":0,"rotation":0,"texture":"#1"},"down":{"uv":[5.499,8.126,5.4385,8.1865],"tintindex":0,"rotation":0,"texture":"#1"}},"rotation":{"origin":[8.0,14.28989,14.964992],"angle":-22.5,"axis":"z"}},{"from":[3.0,12.75,3.25],"to":[4.0,14.75,6.25],"faces":{"east":{"uv":[1.626,6.0635,1.8115,6.1865],"tintindex":0,"rotation":0,"texture":"#1"},"south":{"uv":[7.751,4.626,7.8115,4.749],"tintindex":0,"rotation":0,"texture":"#1"},"north":{"uv":[4.0635,7.751,4.124,7.874],"tintindex":0,"rotation":0,"texture":"#1"},"west":{"uv":[2.5635,6.0635,2.749,6.1865],"tintindex":0,"rotation":0,"texture":"#1"},"up":{"uv":[7.499,3.4365,7.4385,3.251],"tintindex":0,"rotation":0,"texture":"#1"},"down":{"uv":[7.499,3.501,7.4385,3.6865],"tintindex":0,"rotation":0,"texture":"#1"}}},{"from":[12.0,12.75,3.25],"to":[13.0,14.75,6.25],"faces":{"east":{"uv":[0.626,6.0635,0.8115,6.1865],"tintindex":0,"rotation":0,"texture":"#1"},"south":{"uv":[0.876,7.751,0.9365,7.874],"tintindex":0,"rotation":0,"texture":"#1"},"north":{"uv":[0.751,7.751,0.8115,7.874],"tintindex":0,"rotation":0,"texture":"#1"},"west":{"uv":[6.0635,1.5635,6.249,1.6865],"tintindex":0,"rotation":0,"texture":"#1"},"up":{"uv":[2.499,7.624,2.4385,7.4385],"tintindex":0,"rotation":0,"texture":"#1"},"down":{"uv":[7.499,2.876,7.4385,3.0615],"tintindex":0,"rotation":0,"texture":"#1"}}},{"from":[7.5,17.75,15.25],"to":[8.5,20.75,16.25],"faces":{"east":{"uv":[2.001,1.001,2.999,3.999],"tintindex":0,"rotation":0,"texture":"#2"},"south":{"uv":[2.001,1.001,2.999,3.999],"tintindex":0,"rotation":0,"texture":"#2"},"north":{"uv":[2.001,1.001,2.999,3.999],"tintindex":0,"rotation":0,"texture":"#2"},"west":{"uv":[2.001,3.999,2.999,1.001],"tintindex":0,"rotation":180,"texture":"#2"},"up":{"uv":[2.999,1.001,2.001,1.999],"tintindex":0,"rotation":90,"texture":"#2"},"down":{"uv":[2.001,3.001,2.999,3.999],"tintindex":0,"rotation":90,"texture":"#2"}}},{"from":[7.5,17.75,13.25],"to":[8.5,18.75,14.25],"faces":{"east":{"uv":[4.001,3.001,4.999,3.999],"tintindex":0,"rotation":0,"texture":"#2"},"south":{"uv":[4.001,3.001,4.999,3.999],"tintindex":0,"rotation":0,"texture":"#2"},"north":{"uv":[4.001,3.001,4.999,3.999],"tintindex":0,"rotation":0,"texture":"#2"},"west":{"uv":[4.001,3.999,4.999,3.001],"tintindex":0,"rotation":180,"texture":"#2"},"up":{"uv":[4.999,3.001,4.001,3.999],"tintindex":0,"rotation":90,"texture":"#2"},"down":{"uv":[4.001,3.001,4.999,3.999],"tintindex":0,"rotation":90,"texture":"#2"}}},{"from":[7.5,10.75,17.25],"to":[8.5,17.75,18.25],"faces":{"east":{"uv":[0.001,4.001,0.999,10.999],"tintindex":0,"rotation":0,"texture":"#2"},"south":{"uv":[0.001,4.001,0.999,10.999],"tintindex":0,"rotation":0,"texture":"#2"},"north":{"uv":[0.001,4.001,0.999,10.999],"tintindex":0,"rotation":0,"texture":"#2"},"west":{"uv":[0.001,10.999,0.999,4.001],"tintindex":0,"rotation":180,"texture":"#2"},"up":{"uv":[0.999,4.001,0.001,4.999],"tintindex":0,"rotation":90,"texture":"#2"},"down":{"uv":[0.001,10.001,0.999,10.999],"tintindex":0,"rotation":90,"texture":"#2"}}},{"from":[5.05,7.925,5.3],"to":[10.95,8.825,11.2],"faces":{"east":{"uv":[6.0635,4.0635,6.4365,4.124],"tintindex":0,"rotation":0,"texture":"#1"},"south":{"uv":[6.0635,6.001,6.4365,6.0615],"tintindex":0,"rotation":0,"texture":"#1"},"north":{"uv":[6.0635,3.4385,6.4365,3.499],"tintindex":0,"rotation":0,"texture":"#1"},"west":{"uv":[6.126,1.126,6.499,1.1865],"tintindex":0,"rotation":0,"texture":"#1"},"up":{"uv":[2.9365,0.999,2.5635,0.626],"tintindex":0,"rotation":0,"texture":"#1"},"down":{"uv":[2.0615,2.5635,1.6885,2.9365],"tintindex":0,"rotation":0,"texture":"#1"}}},{"from":[6.005,14.755,3.255],"to":[6.995,17.745,4.245],"faces":{"east":{"uv":[5.6885,7.4385,5.749,7.624],"tintindex":0,"rotation":0,"texture":"#1"},"south":{"uv":[7.4385,5.876,7.499,6.0615],"tintindex":0,"rotation":0,"texture":"#1"},"north":{"uv":[5.5635,7.4385,5.624,7.624],"tintindex":0,"rotation":0,"texture":"#1"},"west":{"uv":[7.4385,6.4385,7.499,6.624],"tintindex":0,"rotation":0,"texture":"#1"},"up":{"uv":[8.249,2.0615,8.1885,2.001],"tintindex":0,"rotation":0,"texture":"#1"},"down":{"uv":[2.1865,8.1885,2.126,8.249],"tintindex":0,"rotation":0,"texture":"#1"}},"rotation":{"origin":[6.5,16.75,3.75],"angle":22.5,"axis":"y"}},{"from":[6.005,6.755,3.255],"to":[6.995,10.745,4.245],"faces":{"east":{"uv":[3.0635,6.876,3.124,7.124],"tintindex":0,"rotation":0,"texture":"#1"},"south":{"uv":[3.1885,6.876,3.249,7.124],"tintindex":0,"rotation":0,"texture":"#1"},"north":{"uv":[2.9385,6.876,2.999,7.124],"tintindex":0,"rotation":0,"texture":"#1"},"west":{"uv":[3.3135,6.876,3.374,7.124],"tintindex":0,"rotation":0,"texture":"#1"},"up":{"uv":[8.249,1.5615,8.1885,1.501],"tintindex":0,"rotation":0,"texture":"#1"},"down":{"uv":[1.6865,8.1885,1.626,8.249],"tintindex":0,"rotation":0,"texture":"#1"}},"rotation":{"origin":[6.5,8.75,3.75],"angle":22.5,"axis":"y"}},{"from":[5.0,7.75,4.25],"to":[11.0,8.75,5.25],"faces":{"east":{"uv":[8.126,4.9385,8.1865,4.999],"tintindex":0,"rotation":0,"texture":"#1"},"south":{"uv":[6.0635,0.751,6.4365,0.8115],"tintindex":0,"rotation":0,"texture":"#1"},"north":{"uv":[6.001,4.6885,6.374,4.749],"tintindex":0,"rotation":0,"texture":"#1"},"west":{"uv":[8.126,5.0635,8.1865,5.124],"tintindex":0,"rotation":0,"texture":"#1"},"up":{"uv":[6.4365,0.9365,6.0635,0.876],"tintindex":0,"rotation":0,"texture":"#1"},"down":{"uv":[6.4365,1.001,6.0635,1.0615],"tintindex":0,"rotation":0,"texture":"#1"}}},{"from":[4.0,10.75,3.25],"to":[12.0,12.75,4.25],"faces":{"east":{"uv":[1.501,7.751,1.5615,7.874],"tintindex":0,"rotation":0,"texture":"#1"},"south":{"uv":[4.376,4.001,4.874,4.124],"tintindex":0,"rotation":0,"texture":"#1"},"north":{"uv":[4.376,3.8135,4.874,3.9365],"tintindex":0,"rotation":0,"texture":"#1"},"west":{"uv":[7.751,1.5635,7.8115,1.6865],"tintindex":0,"rotation":0,"texture":"#1"},"up":{"uv":[5.999,4.624,5.501,4.5635],"tintindex":0,"rotation":0,"texture":"#1"},"down":{"uv":[6.0615,4.1885,5.5635,4.249],"tintindex":0,"rotation":0,"texture":"#1"}}},{"from":[11.0,12.75,3.25],"to":[12.0,13.75,4.25],"faces":{"east":{"uv":[8.126,6.751,8.1865,6.8115],"tintindex":0,"rotation":0,"texture":"#1"},"south":{"uv":[6.8135,8.126,6.874,8.1865],"tintindex":0,"rotation":0,"texture":"#1"},"north":{"uv":[6.6885,8.126,6.749,8.1865],"tintindex":0,"rotation":0,"texture":"#1"},"west":{"uv":[6.9385,8.126,6.999,8.1865],"tintindex":0,"rotation":0,"texture":"#1"},"up":{"uv":[7.124,8.1865,7.0635,8.126],"tintindex":0,"rotation":0,"texture":"#1"},"down":{"uv":[8.1865,7.3135,8.126,7.374],"tintindex":0,"rotation":0,"texture":"#1"}}},{"from":[7.5,18.75,10.25],"to":[8.5,19.75,12.25],"faces":{"east":{"uv":[6.001,2.001,7.999,2.999],"tintindex":0,"rotation":0,"texture":"#2"},"south":{"uv":[6.001,2.001,6.999,2.999],"tintindex":0,"rotation":0,"texture":"#2"},"north":{"uv":[7.001,2.001,7.999,2.999],"tintindex":0,"rotation":0,"texture":"#2"},"west":{"uv":[6.001,2.999,7.999,2.001],"tintindex":0,"rotation":180,"texture":"#2"},"up":{"uv":[7.999,2.001,6.001,2.999],"tintindex":0,"rotation":90,"texture":"#2"},"down":{"uv":[6.001,2.001,7.999,2.999],"tintindex":0,"rotation":90,"texture":"#2"}}},{"from":[6.006,17.556,4.256],"to":[6.994,18.543999,12.244],"faces":{"east":{"uv":[5.626,5.626,6.124,5.6865],"tintindex":0,"rotation":0,"texture":"#1"},"south":{"uv":[3.376,8.1885,3.4365,8.249],"tintindex":0,"rotation":0,"texture":"#1"},"north":{"uv":[3.251,8.1885,3.3115,8.249],"tintindex":0,"rotation":0,"texture":"#1"},"west":{"uv":[5.6885,0.626,6.1865,0.6865],"tintindex":0,"rotation":0,"texture":"#1"},"up":{"uv":[4.1865,6.124,4.126,5.626],"tintindex":0,"rotation":0,"texture":"#1"},"down":{"uv":[4.3115,5.626,4.251,6.124],"tintindex":0,"rotation":0,"texture":"#1"}},"rotation":{"origin":[6.5,18.25,8.25],"angle":22.5,"axis":"z"}},{"from":[7.5,8.75,16.25],"to":[8.5,19.75,17.25],"faces":{"east":{"uv":[1.001,2.001,1.999,12.999],"tintindex":0,"rotation":0,"texture":"#2"},"south":{"uv":[1.001,2.001,1.999,12.999],"tintindex":0,"rotation":0,"texture":"#2"},"north":{"uv":[1.001,2.001,1.999,12.999],"tintindex":0,"rotation":0,"texture":"#2"},"west":{"uv":[1.001,12.999,1.999,2.001],"tintindex":0,"rotation":180,"texture":"#2"},"up":{"uv":[1.999,2.001,1.001,2.999],"tintindex":0,"rotation":90,"texture":"#2"},"down":{"uv":[1.001,12.001,1.999,12.999],"tintindex":0,"rotation":90,"texture":"#2"}}},{"from":[7.0,14.75,3.25],"to":[9.0,17.75,4.25],"faces":{"east":{"uv":[7.4385,5.001,7.499,5.1865],"tintindex":0,"rotation":0,"texture":"#1"},"south":{"uv":[2.8135,6.0635,2.9365,6.249],"tintindex":0,"rotation":0,"texture":"#1"},"north":{"uv":[1.126,6.0635,1.249,6.249],"tintindex":0,"rotation":0,"texture":"#1"},"west":{"uv":[7.4385,5.251,7.499,5.4365],"tintindex":0,"rotation":0,"texture":"#1"},"up":{"uv":[7.874,5.749,7.751,5.6885],"tintindex":0,"rotation":0,"texture":"#1"},"down":{"uv":[6.1865,7.751,6.0635,7.8115],"tintindex":0,"rotation":0,"texture":"#1"}}},{"from":[4.0,12.75,3.25],"to":[5.0,13.75,4.25],"faces":{"east":{"uv":[8.126,7.4385,8.1865,7.499],"tintindex":0,"rotation":0,"texture":"#1"},"south":{"uv":[7.5635,8.126,7.624,8.1865],"tintindex":0,"rotation":0,"texture":"#1"},"north":{"uv":[7.4385,8.126,7.499,8.1865],"tintindex":0,"rotation":0,"texture":"#1"},"west":{"uv":[8.126,7.5635,8.1865,7.624],"tintindex":0,"rotation":0,"texture":"#1"},"up":{"uv":[7.749,8.1865,7.6885,8.126],"tintindex":0,"rotation":0,"texture":"#1"},"down":{"uv":[7.874,8.126,7.8135,8.1865],"tintindex":0,"rotation":0,"texture":"#1"}}},{"from":[12.004,16.2063,6.3280993],"to":[12.996,18.198301,8.320099],"faces":{"east":{"uv":[6.8135,4.126,6.9365,4.249],"tintindex":0,"rotation":0,"texture":"#1"},"south":{"uv":[7.751,0.376,7.8115,0.499],"tintindex":0,"rotation":0,"texture":"#1"},"north":{"uv":[0.376,7.751,0.4365,7.874],"tintindex":0,"rotation":0,"texture":"#1"},"west":{"uv":[0.501,6.876,0.624,6.999],"tintindex":0,"rotation":0,"texture":"#1"},"up":{"uv":[0.5615,7.874,0.501,7.751],"tintindex":0,"rotation":0,"texture":"#1"},"down":{"uv":[0.6865,7.751,0.626,7.874],"tintindex":0,"rotation":0,"texture":"#1"}},"rotation":{"origin":[8.0,14.28989,14.964992],"angle":-22.5,"axis":"x"}},{"from":[7.0,6.75,3.25],"to":[9.0,10.75,4.25],"faces":{"east":{"uv":[5.751,6.8135,5.8115,7.0615],"tintindex":0,"rotation":0,"texture":"#1"},"south":{"uv":[1.3135,5.626,1.4365,5.874],"tintindex":0,"rotation":0,"texture":"#1"},"north":{"uv":[3.1885,5.501,3.3115,5.749],"tintindex":0,"rotation":0,"texture":"#1"},"west":{"uv":[6.876,0.6885,6.9365,0.9365],"tintindex":0,"rotation":0,"texture":"#1"},"up":{"uv":[7.874,1.8115,7.751,1.751],"tintindex":0,"rotation":0,"texture":"#1"},"down":{"uv":[7.874,5.5635,7.751,5.624],"tintindex":0,"rotation":0,"texture":"#1"}}},{"from":[6.005,7.755,12.255],"to":[6.995,17.745,13.245],"faces":{"east":{"uv":[2.376,5.3135,2.4365,5.9365],"tintindex":0,"rotation":0,"texture":"#1"},"south":{"uv":[2.501,5.3135,2.5615,5.9365],"tintindex":0,"rotation":0,"texture":"#1"},"north":{"uv":[2.251,5.3135,2.3115,5.9365],"tintindex":0,"rotation":0,"texture":"#1"},"west":{"uv":[5.3135,5.0635,5.374,5.6865],"tintindex":0,"rotation":0,"texture":"#1"},"up":{"uv":[2.3115,8.249,2.251,8.1885],"tintindex":0,"rotation":0,"texture":"#1"},"down":{"uv":[8.249,2.4385,8.1885,2.499],"tintindex":0,"rotation":0,"texture":"#1"}},"rotation":{"origin":[6.5,11.25,12.75],"angle":-22.5,"axis":"y"}},{"from":[9.005,6.755,3.255],"to":[9.995,10.745,4.245],"faces":{"east":{"uv":[1.376,6.876,1.4365,7.124],"tintindex":0,"rotation":0,"texture":"#1"},"south":{"uv":[1.626,6.876,1.6865,7.124],"tintindex":0,"rotation":0,"texture":"#1"},"north":{"uv":[1.251,6.876,1.3115,7.124],"tintindex":0,"rotation":0,"texture":"#1"},"west":{"uv":[1.876,6.876,1.9365,7.124],"tintindex":0,"rotation":0,"texture":"#1"},"up":{"uv":[1.4365,8.249,1.376,8.1885],"tintindex":0,"rotation":0,"texture":"#1"},"down":{"uv":[8.249,1.376,8.1885,1.4365],"tintindex":0,"rotation":0,"texture":"#1"}},"rotation":{"origin":[9.5,8.75,3.75],"angle":-22.5,"axis":"y"}},{"from":[12.2375,13.337502,5.8375],"to":[13.2375,14.337502,6.8375],"faces":{"east":{"uv":[8.1885,0.876,8.249,0.9365],"tintindex":0,"rotation":0,"texture":"#1"},"south":{"uv":[1.001,8.1885,1.0615,8.249],"tintindex":0,"rotation":0,"texture":"#1"},"north":{"uv":[8.1885,0.4385,8.249,0.499],"tintindex":0,"rotation":0,"texture":"#1"},"west":{"uv":[8.1885,1.001,8.249,1.0615],"tintindex":0,"rotation":0,"texture":"#1"},"up":{"uv":[1.1865,8.249,1.126,8.1885],"tintindex":0,"rotation":0,"texture":"#1"},"down":{"uv":[1.3115,8.1885,1.251,8.249],"tintindex":0,"rotation":0,"texture":"#1"}}},{"from":[9.005,7.755,12.255],"to":[9.995,17.745,13.245],"faces":{"east":{"uv":[0.751,5.376,0.8115,5.999],"tintindex":0,"rotation":0,"texture":"#1"},"south":{"uv":[0.876,5.376,0.9365,5.999],"tintindex":0,"rotation":0,"texture":"#1"},"north":{"uv":[0.626,5.376,0.6865,5.999],"tintindex":0,"rotation":0,"texture":"#1"},"west":{"uv":[1.8135,5.376,1.874,5.999],"tintindex":0,"rotation":0,"texture":"#1"},"up":{"uv":[2.5615,8.249,2.501,8.1885],"tintindex":0,"rotation":0,"texture":"#1"},"down":{"uv":[2.6865,8.1885,2.626,8.249],"tintindex":0,"rotation":0,"texture":"#1"}},"rotation":{"origin":[9.5,11.25,12.75],"angle":22.5,"axis":"y"}}],"display":{"gui":{"rotation":[30,225,0]}}}