{"textures":{"0":"modelengine:entity/kazk_queen"},"elements":[{"from":[7.0,8.0,7.0],"to":[9.0,25.0,9.0],"faces":{"east":{"uv":[6.375,13.4375,6.25,14.5],"tintindex":0,"rotation":0,"texture":"#0"},"south":{"uv":[7.3125,12.4375,7.1875,13.5],"tintindex":0,"rotation":0,"texture":"#0"},"north":{"uv":[3.375,10.3125,3.25,11.375],"tintindex":0,"rotation":0,"texture":"#0"},"west":{"uv":[3.3125,12.4375,3.1875,13.5],"tintindex":0,"rotation":0,"texture":"#0"},"up":{"uv":[3.75,4.75,3.875,4.625],"tintindex":0,"rotation":0,"texture":"#0"},"down":{"uv":[3.75,4.75,3.875,4.875],"tintindex":0,"rotation":0,"texture":"#0"}}}],"display":{"gui":{"rotation":[30,225,0]}}}