{"textures":{"0":"modelengine:entity/kazk_queen"},"elements":[{"from":[-12.75,-14.944489,4.4504366],"to":[-5.75,8.055511,4.4504366],"faces":{"south":{"uv":[13.0625,9.5,13.5,10.9375],"tintindex":0,"rotation":0,"texture":"#0"},"north":{"uv":[13.5,9.5,13.0625,10.9375],"tintindex":0,"rotation":0,"texture":"#0"}}},{"from":[-5.75,-14.944489,-4.5495634],"to":[22.25,8.055511,13.450437],"faces":{"east":{"uv":[9.9375,9.5625,8.8125,11.0],"tintindex":0,"rotation":0,"texture":"#0"},"south":{"uv":[7.5,6.4375,9.25,7.875],"tintindex":0,"rotation":0,"texture":"#0"},"north":{"uv":[7.125,5.0,8.875,6.4375],"tintindex":0,"rotation":0,"texture":"#0"},"west":{"uv":[8.8125,9.5625,9.9375,11.0],"tintindex":0,"rotation":0,"texture":"#0"},"up":{"uv":[3.375,9.1875,1.625,8.0625],"tintindex":0,"rotation":0,"texture":"#0"},"down":{"uv":[1.625,8.0625,3.375,9.1875],"tintindex":0,"rotation":0,"texture":"#0"}}},{"from":[22.25,-14.944489,4.4504366],"to":[29.25,8.055511,4.4504366],"faces":{"south":{"uv":[13.5,9.5,13.0625,10.9375],"tintindex":0,"rotation":0,"texture":"#0"},"north":{"uv":[13.0625,9.5,13.5,10.9375],"tintindex":0,"rotation":0,"texture":"#0"}}},{"from":[8.249,-8.862923,13.014305],"to":[8.249,9.137077,25.014305],"faces":{"east":{"uv":[13.125,3.9375,12.375,5.0625],"tintindex":0,"rotation":0,"texture":"#0"},"west":{"uv":[12.375,3.9375,13.125,5.0625],"tintindex":0,"rotation":0,"texture":"#0"}},"rotation":{"origin":[8.5,7.0,8.0],"angle":22.5,"axis":"x"}}],"display":{"gui":{"rotation":[30,225,0]}}}