{"textures":{"0":"modelengine:entity/kazk_queen"},"elements":[{"from":[8.0,1.0,-7.5],"to":[8.0,6.5,9.0],"faces":{"east":{"uv":[12.375,4.625,10.3125,5.3125],"tintindex":0,"rotation":0,"texture":"#0"},"west":{"uv":[10.3125,4.625,12.375,5.3125],"tintindex":0,"rotation":0,"texture":"#0"}}},{"from":[7.25,3.5,7.0],"to":[8.75,8.5,9.0],"faces":{"east":{"uv":[3.3125,13.625,3.0625,14.25],"tintindex":0,"rotation":0,"texture":"#0"},"south":{"uv":[13.9375,10.9375,13.75,11.5625],"tintindex":0,"rotation":0,"texture":"#0"},"north":{"uv":[8.875,4.3125,8.6875,4.9375],"tintindex":0,"rotation":0,"texture":"#0"},"west":{"uv":[9.25,12.0,9.0,12.625],"tintindex":0,"rotation":0,"texture":"#0"},"up":{"uv":[1.0625,11.5625,1.25,11.3125],"tintindex":0,"rotation":0,"texture":"#0"},"down":{"uv":[11.3125,7.125,11.5,7.375],"tintindex":0,"rotation":0,"texture":"#0"}}}],"display":{"gui":{"rotation":[30,225,0]}}}