{"textures":{"0":"modelengine:entity/kazk_queen"},"elements":[{"from":[23.08172,4.603836,-15.0],"to":[23.08172,15.603836,8.0],"faces":{"east":{"uv":[11.0625,11.5,12.5,12.1875],"tintindex":0,"rotation":0,"texture":"#0"},"west":{"uv":[12.5,11.5,11.0625,12.1875],"tintindex":0,"rotation":0,"texture":"#0"}},"rotation":{"origin":[23.08172,10.103836,-3.5],"angle":-45.0,"axis":"z"}},{"from":[-2.0,-11.0,-15.0],"to":[18.0,8.0,8.0],"faces":{"east":{"uv":[10.3125,4.3125,8.875,5.5],"tintindex":0,"rotation":0,"texture":"#0"},"south":{"uv":[10.25,7.4375,11.5,8.625],"tintindex":0,"rotation":0,"texture":"#0"},"north":{"uv":[0.0,10.125,1.25,11.3125],"tintindex":0,"rotation":0,"texture":"#0"},"west":{"uv":[8.875,4.3125,10.3125,5.5],"tintindex":0,"rotation":0,"texture":"#0"},"up":{"uv":[5.5,9.75,4.25,8.3125],"tintindex":0,"rotation":0,"texture":"#0"},"down":{"uv":[6.75,8.3125,5.5,9.75],"tintindex":0,"rotation":0,"texture":"#0"}}},{"from":[-7.0817204,4.603836,-15.0],"to":[-7.0817204,15.603836,8.0],"faces":{"east":{"uv":[11.0625,11.5,12.5,12.1875],"tintindex":0,"rotation":0,"texture":"#0"},"west":{"uv":[12.5,11.5,11.0625,12.1875],"tintindex":0,"rotation":0,"texture":"#0"}},"rotation":{"origin":[-7.0817204,10.103836,-3.5],"angle":45.0,"axis":"z"}}],"display":{"gui":{"rotation":[30,225,0]}}}