{"textures":{"0":"modelengine:entity/kazk_queen"},"elements":[{"from":[3.6696959,-9.5,3.8832107],"to":[8.169696,2.5,9.883211],"faces":{"east":{"uv":[11.5,0.0,12.25,1.5],"tintindex":0,"rotation":0,"texture":"#0"},"south":{"uv":[12.25,7.125,12.8125,8.625],"tintindex":0,"rotation":0,"texture":"#0"},"north":{"uv":[3.3125,12.25,3.875,13.75],"tintindex":0,"rotation":0,"texture":"#0"},"west":{"uv":[11.5,7.125,12.25,8.625],"tintindex":0,"rotation":0,"texture":"#0"},"up":{"uv":[5.6875,14.1875,5.125,13.4375],"tintindex":0,"rotation":0,"texture":"#0"},"down":{"uv":[6.25,13.4375,5.6875,14.1875],"tintindex":0,"rotation":0,"texture":"#0"}}},{"from":[6.169696,-9.5,9.883211],"to":[6.169696,2.5,13.383211],"faces":{"east":{"uv":[13.3125,0.0,12.875,1.5],"tintindex":0,"rotation":0,"texture":"#0"},"west":{"uv":[12.875,0.0,13.3125,1.5],"tintindex":0,"rotation":0,"texture":"#0"}}},{"from":[3.0,2.5,12.25],"to":[3.0,11.5,15.75],"faces":{"east":{"uv":[13.5625,5.0,13.125,6.125],"tintindex":0,"rotation":0,"texture":"#0"},"west":{"uv":[13.125,5.0,13.5625,6.125],"tintindex":0,"rotation":0,"texture":"#0"}},"rotation":{"origin":[3.0,7.0,14.0],"angle":-22.5,"axis":"y"}},{"from":[3.6696959,2.5,3.8832107],"to":[8.169696,11.5,12.383211],"faces":{"east":{"uv":[0.0,11.3125,1.0625,12.4375],"tintindex":0,"rotation":0,"texture":"#0"},"south":{"uv":[12.9375,1.5,13.5,2.625],"tintindex":0,"rotation":0,"texture":"#0"},"north":{"uv":[9.0,12.875,9.5625,14.0],"tintindex":0,"rotation":0,"texture":"#0"},"west":{"uv":[11.3125,6.0,12.375,7.125],"tintindex":0,"rotation":0,"texture":"#0"},"up":{"uv":[12.375,14.125,11.8125,13.0625],"tintindex":0,"rotation":0,"texture":"#0"},"down":{"uv":[13.6875,3.9375,13.125,5.0],"tintindex":0,"rotation":0,"texture":"#0"}}},{"from":[4.669696,-13.0,4.8832107],"to":[7.169696,-9.5,8.883211],"faces":{"east":{"uv":[1.625,7.5625,2.125,8.0],"tintindex":0,"rotation":0,"texture":"#0"},"south":{"uv":[13.75,6.125,14.0625,6.5625],"tintindex":0,"rotation":0,"texture":"#0"},"north":{"uv":[13.0625,10.9375,13.375,11.375],"tintindex":0,"rotation":0,"texture":"#0"},"west":{"uv":[1.9375,11.5625,2.4375,12.0],"tintindex":0,"rotation":0,"texture":"#0"},"up":{"uv":[14.0,4.4375,13.6875,3.9375],"tintindex":0,"rotation":0,"texture":"#0"},"down":{"uv":[14.0,4.4375,13.6875,4.9375],"tintindex":0,"rotation":0,"texture":"#0"}}}],"display":{"gui":{"rotation":[30,225,0]}}}