{"textures":{"0":"modelengine:entity/kindletron2"},"elements":[{"from":[9.0,10.0,-6.0],"to":[17.0,14.0,1.0],"faces":{"east":{"uv":[11.5625,4.875,11.125,5.125],"tintindex":0,"rotation":0,"texture":"#0"},"south":{"uv":[11.5,0.25,11.0,0.5],"tintindex":0,"rotation":0,"texture":"#0"},"north":{"uv":[11.25,10.9375,10.75,11.1875],"tintindex":0,"rotation":0,"texture":"#0"},"west":{"uv":[10.5625,7.125,10.125,7.375],"tintindex":0,"rotation":0,"texture":"#0"},"up":{"uv":[10.375,2.4375,10.875,2.0],"tintindex":0,"rotation":0,"texture":"#0"},"down":{"uv":[7.3125,10.375,7.8125,10.8125],"tintindex":0,"rotation":0,"texture":"#0"}},"rotation":{"origin":[-5.5,5.0,7.0],"angle":-22.5,"axis":"x"}},{"from":[8.0,2.0,-3.0],"to":[18.0,13.0,15.0],"faces":{"east":{"uv":[3.0,7.75,1.875,8.4375],"tintindex":0,"rotation":0,"texture":"#0"},"south":{"uv":[9.3125,4.3125,8.6875,5.0],"tintindex":0,"rotation":0,"texture":"#0"},"north":{"uv":[8.9375,0.9375,8.3125,1.625],"tintindex":0,"rotation":0,"texture":"#0"},"west":{"uv":[8.6875,4.4375,7.5625,5.125],"tintindex":0,"rotation":0,"texture":"#0"},"up":{"uv":[3.6875,9.0625,4.3125,7.9375],"tintindex":0,"rotation":0,"texture":"#0"},"down":{"uv":[7.9375,5.125,8.5625,6.25],"tintindex":0,"rotation":0,"texture":"#0"}},"rotation":{"origin":[-5.5,5.0,7.0],"angle":-22.5,"axis":"x"}}],"display":{"gui":{"rotation":[30,225,0]}}}