{"textures":{"0":"modelengine:entity/kindletron2"},"elements":[{"from":[-3.0,5.25,7.5],"to":[5.0,10.25,12.5],"faces":{"east":{"uv":[11.25,2.125,11.5625,2.4375],"tintindex":0,"rotation":0,"texture":"#0"},"south":{"uv":[10.875,4.25,11.375,4.5625],"tintindex":0,"rotation":0,"texture":"#0"},"north":{"uv":[10.875,3.25,11.375,3.5625],"tintindex":0,"rotation":0,"texture":"#0"},"west":{"uv":[11.25,2.4375,11.5625,2.75],"tintindex":0,"rotation":0,"texture":"#0"},"up":{"uv":[11.375,4.875,10.875,4.5625],"tintindex":0,"rotation":0,"texture":"#0"},"down":{"uv":[8.9375,10.875,8.4375,11.1875],"tintindex":0,"rotation":0,"texture":"#0"}},"rotation":{"origin":[8.5,5.25,8.5],"angle":-22.5,"axis":"x"}},{"from":[2.5,16.25,5.5],"to":[15.5,24.25,16.5],"faces":{"east":{"uv":[9.4375,6.125,10.125,6.625],"tintindex":0,"rotation":0,"texture":"#0"},"south":{"uv":[2.875,9.0625,3.6875,9.5625],"tintindex":0,"rotation":0,"texture":"#0"},"north":{"uv":[7.25,9.0,8.0625,9.5],"tintindex":0,"rotation":0,"texture":"#0"},"west":{"uv":[2.875,9.5625,3.5625,10.0625],"tintindex":0,"rotation":0,"texture":"#0"},"up":{"uv":[3.625,6.375,2.8125,5.6875],"tintindex":0,"rotation":0,"texture":"#0"},"down":{"uv":[8.75,6.25,7.9375,6.9375],"tintindex":0,"rotation":0,"texture":"#0"}}},{"from":[12.0,7.25,8.0],"to":[16.0,14.25,12.0],"faces":{"east":{"uv":[6.1875,11.125,6.4375,11.5625],"tintindex":0,"rotation":0,"texture":"#0"},"south":{"uv":[6.4375,11.125,6.6875,11.5625],"tintindex":0,"rotation":0,"texture":"#0"},"north":{"uv":[5.9375,11.125,6.1875,11.5625],"tintindex":0,"rotation":0,"texture":"#0"},"west":{"uv":[7.375,11.125,7.625,11.5625],"tintindex":0,"rotation":0,"texture":"#0"},"up":{"uv":[11.6875,10.9375,11.4375,10.6875],"tintindex":0,"rotation":0,"texture":"#0"},"down":{"uv":[11.75,9.0,11.5,9.25],"tintindex":0,"rotation":0,"texture":"#0"}},"rotation":{"origin":[13.0,13.0,11.0],"angle":22.5,"axis":"x"}},{"from":[1.0,7.25,8.0],"to":[5.0,14.25,12.0],"faces":{"east":{"uv":[4.3125,11.125,4.5625,11.5625],"tintindex":0,"rotation":0,"texture":"#0"},"south":{"uv":[4.5625,11.125,4.8125,11.5625],"tintindex":0,"rotation":0,"texture":"#0"},"north":{"uv":[2.125,11.125,2.375,11.5625],"tintindex":0,"rotation":0,"texture":"#0"},"west":{"uv":[4.8125,11.125,5.0625,11.5625],"tintindex":0,"rotation":0,"texture":"#0"},"up":{"uv":[3.875,5.4375,3.625,5.1875],"tintindex":0,"rotation":0,"texture":"#0"},"down":{"uv":[8.875,3.125,8.625,3.375],"tintindex":0,"rotation":0,"texture":"#0"}},"rotation":{"origin":[4.0,13.0,11.0],"angle":22.5,"axis":"x"}},{"from":[12.0,5.25,7.5],"to":[20.0,10.25,12.5],"faces":{"east":{"uv":[11.5625,2.4375,11.25,2.75],"tintindex":0,"rotation":0,"texture":"#0"},"south":{"uv":[11.375,4.25,10.875,4.5625],"tintindex":0,"rotation":0,"texture":"#0"},"north":{"uv":[11.375,3.25,10.875,3.5625],"tintindex":0,"rotation":0,"texture":"#0"},"west":{"uv":[11.5625,2.125,11.25,2.4375],"tintindex":0,"rotation":0,"texture":"#0"},"up":{"uv":[10.875,4.875,11.375,4.5625],"tintindex":0,"rotation":0,"texture":"#0"},"down":{"uv":[8.4375,10.875,8.9375,11.1875],"tintindex":0,"rotation":0,"texture":"#0"}},"rotation":{"origin":[8.5,5.25,8.5],"angle":-22.5,"axis":"x"}},{"from":[11.5,14.25,7.5],"to":[16.5,19.25,12.5],"faces":{"east":{"uv":[8.75,6.625,9.0625,6.9375],"tintindex":0,"rotation":0,"texture":"#0"},"south":{"uv":[11.1875,7.125,11.5,7.4375],"tintindex":0,"rotation":0,"texture":"#0"},"north":{"uv":[6.5625,7.1875,6.875,7.5],"tintindex":0,"rotation":0,"texture":"#0"},"west":{"uv":[11.1875,7.4375,11.5,7.75],"tintindex":0,"rotation":0,"texture":"#0"},"up":{"uv":[11.5,8.0625,11.1875,7.75],"tintindex":0,"rotation":0,"texture":"#0"},"down":{"uv":[11.5,8.0625,11.1875,8.375],"tintindex":0,"rotation":0,"texture":"#0"}},"rotation":{"origin":[13.0,13.0,11.0],"angle":22.5,"axis":"x"}},{"from":[0.5,14.25,7.5],"to":[5.5,19.25,12.5],"faces":{"east":{"uv":[8.4375,11.1875,8.75,11.5],"tintindex":0,"rotation":0,"texture":"#0"},"south":{"uv":[11.1875,8.9375,11.5,9.25],"tintindex":0,"rotation":0,"texture":"#0"},"north":{"uv":[11.1875,8.375,11.5,8.6875],"tintindex":0,"rotation":0,"texture":"#0"},"west":{"uv":[10.75,11.1875,11.0625,11.5],"tintindex":0,"rotation":0,"texture":"#0"},"up":{"uv":[11.375,11.5,11.0625,11.1875],"tintindex":0,"rotation":0,"texture":"#0"},"down":{"uv":[11.5625,1.8125,11.25,2.125],"tintindex":0,"rotation":0,"texture":"#0"}},"rotation":{"origin":[4.0,13.0,11.0],"angle":22.5,"axis":"x"}},{"from":[6.0,2.25,6.5],"to":[11.0,13.25,11.5],"faces":{"east":{"uv":[3.25,10.0625,3.5625,10.75],"tintindex":0,"rotation":0,"texture":"#0"},"south":{"uv":[4.3125,10.4375,4.625,11.125],"tintindex":0,"rotation":0,"texture":"#0"},"north":{"uv":[3.625,4.5,3.9375,5.1875],"tintindex":0,"rotation":0,"texture":"#0"},"west":{"uv":[4.625,10.4375,4.9375,11.125],"tintindex":0,"rotation":0,"texture":"#0"},"up":{"uv":[11.5625,3.0625,11.25,2.75],"tintindex":0,"rotation":0,"texture":"#0"},"down":{"uv":[11.5625,5.125,11.25,5.4375],"tintindex":0,"rotation":0,"texture":"#0"}},"rotation":{"origin":[8.5,5.25,8.5],"angle":-22.5,"axis":"x"}},{"from":[5.0,3.25,5.5],"to":[12.0,12.25,12.5],"faces":{"east":{"uv":[9.625,10.3125,10.0625,10.875],"tintindex":0,"rotation":0,"texture":"#0"},"south":{"uv":[10.0625,10.3125,10.5,10.875],"tintindex":0,"rotation":0,"texture":"#0"},"north":{"uv":[8.5625,10.3125,9.0,10.875],"tintindex":0,"rotation":0,"texture":"#0"},"west":{"uv":[0.5625,10.375,1.0,10.9375],"tintindex":0,"rotation":0,"texture":"#0"},"up":{"uv":[11.1875,8.6875,10.75,8.25],"tintindex":0,"rotation":0,"texture":"#0"},"down":{"uv":[7.375,10.8125,6.9375,11.25],"tintindex":0,"rotation":0,"texture":"#0"}},"rotation":{"origin":[8.5,5.25,8.5],"angle":-22.5,"axis":"x"}}],"display":{"gui":{"rotation":[30,225,0]}}}