{"textures":{"1":"modelengine:entity/fallenravager"},"elements":[{"from":[6.5,2.0,7.25],"to":[8.5,3.0,8.25],"faces":{"east":{"uv":[0.251,8.251,0.3115,8.3115],"tintindex":0,"rotation":0,"texture":"#1"},"south":{"uv":[7.8135,6.126,7.9365,6.1865],"tintindex":0,"rotation":0,"texture":"#1"},"north":{"uv":[7.8135,5.1885,7.9365,5.249],"tintindex":0,"rotation":0,"texture":"#1"},"west":{"uv":[8.251,0.251,8.3115,0.3115],"tintindex":0,"rotation":0,"texture":"#1"},"up":{"uv":[7.749,7.874,7.626,7.8135],"tintindex":0,"rotation":0,"texture":"#1"},"down":{"uv":[7.9365,7.8135,7.8135,7.874],"tintindex":0,"rotation":0,"texture":"#1"}}},{"from":[0.5,6.0,7.25],"to":[15.5,8.0,8.25],"faces":{"east":{"uv":[7.8135,4.251,7.874,4.374],"tintindex":0,"rotation":0,"texture":"#1"},"south":{"uv":[3.001,0.626,3.9365,0.749],"tintindex":0,"rotation":0,"texture":"#1"},"north":{"uv":[3.001,0.626,3.9365,0.749],"tintindex":0,"rotation":0,"texture":"#1"},"west":{"uv":[7.8135,4.4385,7.874,4.5615],"tintindex":0,"rotation":0,"texture":"#1"},"up":{"uv":[5.8115,0.5615,4.876,0.501],"tintindex":0,"rotation":0,"texture":"#1"},"down":{"uv":[5.8115,2.3135,4.876,2.374],"tintindex":0,"rotation":0,"texture":"#1"}}},{"from":[1.5,3.0,7.25],"to":[14.5,6.0,8.25],"faces":{"east":{"uv":[2.9385,7.501,2.999,7.6865],"tintindex":0,"rotation":0,"texture":"#1"},"south":{"uv":[2.376,2.001,3.1865,2.1865],"tintindex":0,"rotation":0,"texture":"#1"},"north":{"uv":[2.376,2.001,3.1865,2.1865],"tintindex":0,"rotation":0,"texture":"#1"},"west":{"uv":[3.0635,7.501,3.124,7.6865],"tintindex":0,"rotation":0,"texture":"#1"},"up":{"uv":[5.6865,2.499,4.876,2.4385],"tintindex":0,"rotation":0,"texture":"#1"},"down":{"uv":[5.749,1.8135,4.9385,1.874],"tintindex":0,"rotation":0,"texture":"#1"}}}],"display":{"gui":{"rotation":[30,225,0]}}}