{"textures":{"1":"modelengine:entity/fallenravager"},"elements":[{"from":[5.2,5.0,7.25],"to":[10.2,8.0,8.25],"faces":{"east":{"uv":[7.501,5.626,7.5615,5.8115],"tintindex":0,"rotation":0,"texture":"#1"},"south":{"uv":[4.876,4.4385,5.1865,4.624],"tintindex":0,"rotation":0,"texture":"#1"},"north":{"uv":[4.876,4.4385,5.1865,4.624],"tintindex":0,"rotation":0,"texture":"#1"},"west":{"uv":[6.0635,7.501,6.124,7.6865],"tintindex":0,"rotation":0,"texture":"#1"},"up":{"uv":[6.5615,4.624,6.251,4.5635],"tintindex":0,"rotation":0,"texture":"#1"},"down":{"uv":[6.5615,4.8135,6.251,4.874],"tintindex":0,"rotation":0,"texture":"#1"}}},{"from":[6.2,2.0,7.25],"to":[10.2,5.0,8.25],"faces":{"east":{"uv":[6.1885,7.501,6.249,7.6865],"tintindex":0,"rotation":0,"texture":"#1"},"south":{"uv":[3.876,5.126,4.124,5.3115],"tintindex":0,"rotation":0,"texture":"#1"},"north":{"uv":[3.876,5.126,4.124,5.3115],"tintindex":0,"rotation":0,"texture":"#1"},"west":{"uv":[6.501,7.501,6.5615,7.6865],"tintindex":0,"rotation":0,"texture":"#1"},"up":{"uv":[7.1865,1.1865,6.9385,1.126],"tintindex":0,"rotation":0,"texture":"#1"},"down":{"uv":[7.1865,1.251,6.9385,1.3115],"tintindex":0,"rotation":0,"texture":"#1"}}},{"from":[6.2,-4.0,7.25],"to":[7.2,-3.0,8.25],"faces":{"east":{"uv":[0.501,8.251,0.5615,8.3115],"tintindex":0,"rotation":0,"texture":"#1"},"south":{"uv":[8.251,0.5635,8.3115,0.624],"tintindex":0,"rotation":0,"texture":"#1"},"north":{"uv":[8.251,0.5635,8.3115,0.624],"tintindex":0,"rotation":0,"texture":"#1"},"west":{"uv":[0.626,8.251,0.6865,8.3115],"tintindex":0,"rotation":0,"texture":"#1"},"up":{"uv":[8.3115,0.749,8.251,0.6885],"tintindex":0,"rotation":0,"texture":"#1"},"down":{"uv":[0.8115,8.251,0.751,8.3115],"tintindex":0,"rotation":0,"texture":"#1"}}},{"from":[8.2,-1.0,7.25],"to":[10.2,2.0,8.25],"faces":{"east":{"uv":[7.501,6.6885,7.5615,6.874],"tintindex":0,"rotation":0,"texture":"#1"},"south":{"uv":[6.0635,5.751,6.1865,5.9365],"tintindex":0,"rotation":0,"texture":"#1"},"north":{"uv":[6.0635,5.751,6.1865,5.9365],"tintindex":0,"rotation":0,"texture":"#1"},"west":{"uv":[7.501,7.0635,7.5615,7.249],"tintindex":0,"rotation":0,"texture":"#1"},"up":{"uv":[0.124,7.9365,0.001,7.876],"tintindex":0,"rotation":0,"texture":"#1"},"down":{"uv":[0.3115,7.876,0.1885,7.9365],"tintindex":0,"rotation":0,"texture":"#1"}}},{"from":[7.2,-3.0,7.25],"to":[9.2,-1.0,8.25],"faces":{"east":{"uv":[7.876,0.1885,7.9365,0.3115],"tintindex":0,"rotation":0,"texture":"#1"},"south":{"uv":[6.9385,2.9385,7.0615,3.0615],"tintindex":0,"rotation":0,"texture":"#1"},"north":{"uv":[6.9385,2.9385,7.0615,3.0615],"tintindex":0,"rotation":0,"texture":"#1"},"west":{"uv":[7.876,0.376,7.9365,0.499],"tintindex":0,"rotation":0,"texture":"#1"},"up":{"uv":[7.999,0.624,7.876,0.5635],"tintindex":0,"rotation":0,"texture":"#1"},"down":{"uv":[7.999,0.876,7.876,0.9365],"tintindex":0,"rotation":0,"texture":"#1"}}}],"display":{"gui":{"rotation":[30,225,0]}}}