{"textures":{"0":"modelengine:entity/boneshadingravager","1":"modelengine:entity/fallenravager"},"elements":[{"from":[8.0,2.0,6.5],"to":[11.0,4.0,9.5],"faces":{"east":{"uv":[5.996,0.004,0.004,3.996],"tintindex":0,"rotation":0,"texture":"#0"},"south":{"uv":[5.996,0.004,0.004,3.996],"tintindex":0,"rotation":0,"texture":"#0"},"north":{"uv":[5.996,0.004,0.004,3.996],"tintindex":0,"rotation":0,"texture":"#0"},"west":{"uv":[5.996,0.004,0.004,3.996],"tintindex":0,"rotation":0,"texture":"#0"},"up":{"uv":[5.996,0.004,0.004,3.996],"tintindex":0,"rotation":0,"texture":"#0"},"down":{"uv":[5.996,0.004,0.004,3.996],"tintindex":0,"rotation":0,"texture":"#0"}}},{"from":[10.5,3.0,6.0],"to":[11.5,4.0,10.0],"faces":{"east":{"uv":[6.126,7.0635,6.374,7.124],"tintindex":0,"rotation":0,"texture":"#1"},"south":{"uv":[8.376,1.1885,8.4365,1.249],"tintindex":0,"rotation":0,"texture":"#1"},"north":{"uv":[8.376,1.0635,8.4365,1.124],"tintindex":0,"rotation":0,"texture":"#1"},"west":{"uv":[7.0635,6.3135,7.3115,6.374],"tintindex":0,"rotation":0,"texture":"#1"},"up":{"uv":[6.499,7.3115,6.4385,7.0635],"tintindex":0,"rotation":0,"texture":"#1"},"down":{"uv":[7.124,6.4385,7.0635,6.6865],"tintindex":0,"rotation":0,"texture":"#1"}}},{"from":[7.5,8.0,6.0],"to":[10.5,9.0,10.0],"faces":{"east":{"uv":[7.0635,6.751,7.3115,6.8115],"tintindex":0,"rotation":0,"texture":"#1"},"south":{"uv":[7.5635,0.751,7.749,0.8115],"tintindex":0,"rotation":0,"texture":"#1"},"north":{"uv":[7.501,4.6885,7.6865,4.749],"tintindex":0,"rotation":0,"texture":"#1"},"west":{"uv":[7.0635,6.876,7.3115,6.9365],"tintindex":0,"rotation":0,"texture":"#1"},"up":{"uv":[2.8115,5.4365,2.626,5.1885],"tintindex":0,"rotation":0,"texture":"#1"},"down":{"uv":[3.4365,5.1885,3.251,5.4365],"tintindex":0,"rotation":0,"texture":"#1"}}},{"from":[10.494,2.994,9.394],"to":[11.506,8.006,10.405999],"faces":{"east":{"uv":[1.751,6.626,1.8115,6.9365],"tintindex":0,"rotation":0,"texture":"#1"},"south":{"uv":[2.1885,6.626,2.249,6.9365],"tintindex":0,"rotation":0,"texture":"#1"},"north":{"uv":[6.626,1.6885,6.6865,1.999],"tintindex":0,"rotation":0,"texture":"#1"},"west":{"uv":[2.5635,6.626,2.624,6.9365],"tintindex":0,"rotation":0,"texture":"#1"},"up":{"uv":[0.6865,8.4365,0.626,8.376],"tintindex":0,"rotation":0,"texture":"#1"},"down":{"uv":[8.4365,0.626,8.376,0.6865],"tintindex":0,"rotation":0,"texture":"#1"}},"rotation":{"origin":[11.0,6.0,9.5],"angle":45.0,"axis":"y"}},{"from":[7.5,4.0,6.0],"to":[11.5,8.0,10.0],"faces":{"east":{"uv":[4.5635,0.001,4.8115,0.249],"tintindex":0,"rotation":0,"texture":"#1"},"south":{"uv":[4.5635,0.3135,4.8115,0.5615],"tintindex":0,"rotation":0,"texture":"#1"},"north":{"uv":[3.3135,4.501,3.5615,4.749],"tintindex":0,"rotation":0,"texture":"#1"},"west":{"uv":[0.4385,4.5635,0.6865,4.8115],"tintindex":0,"rotation":0,"texture":"#1"},"up":{"uv":[1.3115,4.8115,1.0635,4.5635],"tintindex":0,"rotation":0,"texture":"#1"},"down":{"uv":[4.8115,1.9385,4.5635,2.1865],"tintindex":0,"rotation":0,"texture":"#1"}}},{"from":[7.5,3.0,6.0],"to":[8.5,4.0,10.0],"faces":{"east":{"uv":[7.0635,3.876,7.3115,3.9365],"tintindex":0,"rotation":0,"texture":"#1"},"south":{"uv":[0.876,8.376,0.9365,8.4365],"tintindex":0,"rotation":0,"texture":"#1"},"north":{"uv":[0.751,8.376,0.8115,8.4365],"tintindex":0,"rotation":0,"texture":"#1"},"west":{"uv":[7.0635,4.876,7.3115,4.9365],"tintindex":0,"rotation":0,"texture":"#1"},"up":{"uv":[6.0615,7.3115,6.001,7.0635],"tintindex":0,"rotation":0,"texture":"#1"},"down":{"uv":[7.124,6.001,7.0635,6.249],"tintindex":0,"rotation":0,"texture":"#1"}}},{"from":[9.996864,7.252096,6.005],"to":[10.996864,8.502096,9.995],"faces":{"east":{"uv":[7.0635,7.001,7.3115,7.0615],"tintindex":0,"rotation":0,"texture":"#1"},"south":{"uv":[1.751,8.376,1.8115,8.4365],"tintindex":0,"rotation":0,"texture":"#1"},"north":{"uv":[1.501,8.376,1.5615,8.4365],"tintindex":0,"rotation":0,"texture":"#1"},"west":{"uv":[7.126,0.001,7.374,0.0615],"tintindex":0,"rotation":0,"texture":"#1"},"up":{"uv":[7.1865,0.874,7.126,0.626],"tintindex":0,"rotation":0,"texture":"#1"},"down":{"uv":[7.1865,2.1885,7.126,2.4365],"tintindex":0,"rotation":0,"texture":"#1"}},"rotation":{"origin":[9.496864,8.502096,8.0],"angle":22.5,"axis":"z"}},{"from":[10.494,2.994,5.819],"to":[11.506,8.006,6.831],"faces":{"east":{"uv":[6.626,0.376,6.6865,0.6865],"tintindex":0,"rotation":0,"texture":"#1"},"south":{"uv":[6.626,0.751,6.6865,1.0615],"tintindex":0,"rotation":0,"texture":"#1"},"north":{"uv":[6.5635,5.376,6.624,5.6865],"tintindex":0,"rotation":0,"texture":"#1"},"west":{"uv":[1.501,6.626,1.5615,6.9365],"tintindex":0,"rotation":0,"texture":"#1"},"up":{"uv":[0.5615,8.4365,0.501,8.376],"tintindex":0,"rotation":0,"texture":"#1"},"down":{"uv":[8.4365,0.501,8.376,0.5615],"tintindex":0,"rotation":0,"texture":"#1"}},"rotation":{"origin":[11.0,6.0,6.725],"angle":-45.0,"axis":"y"}}],"display":{"gui":{"rotation":[30,225,0]}}}