{"textures":{"0":"modelengine:entity/boneshadingravager","1":"modelengine:entity/fallenravager"},"elements":[{"from":[6.5,1.0,6.5],"to":[10.0,5.0,10.5],"faces":{"east":{"uv":[4.6885,2.5635,4.9365,2.8115],"tintindex":0,"rotation":0,"texture":"#1"},"south":{"uv":[3.001,4.6885,3.249,4.9365],"tintindex":0,"rotation":0,"texture":"#1"},"north":{"uv":[4.626,1.626,4.874,1.874],"tintindex":0,"rotation":0,"texture":"#1"},"west":{"uv":[4.751,2.876,4.999,3.124],"tintindex":0,"rotation":0,"texture":"#1"},"up":{"uv":[4.999,3.4365,4.751,3.1885],"tintindex":0,"rotation":0,"texture":"#1"},"down":{"uv":[4.999,3.501,4.751,3.749],"tintindex":0,"rotation":0,"texture":"#1"}}},{"from":[8.5,7.0,6.0],"to":[9.5,9.0,7.0],"faces":{"east":{"uv":[1.8135,7.9385,1.874,8.0615],"tintindex":0,"rotation":0,"texture":"#1"},"south":{"uv":[2.376,7.9385,2.4365,8.0615],"tintindex":0,"rotation":0,"texture":"#1"},"north":{"uv":[7.9385,1.6885,7.999,1.8115],"tintindex":0,"rotation":0,"texture":"#1"},"west":{"uv":[7.9385,2.501,7.999,2.624],"tintindex":0,"rotation":0,"texture":"#1"},"up":{"uv":[8.4365,4.124,8.376,4.0635],"tintindex":0,"rotation":0,"texture":"#1"},"down":{"uv":[8.4365,4.1885,8.376,4.249],"tintindex":0,"rotation":0,"texture":"#1"}},"rotation":{"origin":[9.0,8.0,6.5],"angle":-22.5,"axis":"y"}},{"from":[6.1749997,4.85,6.325],"to":[10.474999,6.15,10.625],"faces":{"east":{"uv":[7.126,4.001,7.374,4.0615],"tintindex":0,"rotation":0,"texture":"#1"},"south":{"uv":[7.126,4.126,7.374,4.1865],"tintindex":0,"rotation":0,"texture":"#1"},"north":{"uv":[7.126,3.376,7.374,3.4365],"tintindex":0,"rotation":0,"texture":"#1"},"west":{"uv":[7.126,4.251,7.374,4.3115],"tintindex":0,"rotation":0,"texture":"#1"},"up":{"uv":[4.874,0.874,4.626,0.626],"tintindex":0,"rotation":0,"texture":"#1"},"down":{"uv":[4.874,0.9385,4.626,1.1865],"tintindex":0,"rotation":0,"texture":"#1"}}},{"from":[6.5,5.0,7.0],"to":[9.5,8.25,10.0],"faces":{"east":{"uv":[5.496,6.5,0.504,11.996],"tintindex":0,"rotation":0,"texture":"#0"},"south":{"uv":[5.496,6.5,0.504,11.996],"tintindex":0,"rotation":0,"texture":"#0"},"north":{"uv":[5.496,6.5,0.504,11.996],"tintindex":0,"rotation":0,"texture":"#0"},"west":{"uv":[5.496,6.5,0.504,11.996],"tintindex":0,"rotation":0,"texture":"#0"},"up":{"uv":[5.496,7.0,0.504,11.996],"tintindex":0,"rotation":0,"texture":"#0"},"down":{"uv":[5.496,7.0,0.504,11.996],"tintindex":0,"rotation":0,"texture":"#0"}}},{"from":[7.5,7.0,6.0],"to":[8.5,10.0,7.0],"faces":{"east":{"uv":[7.5635,4.4385,7.624,4.624],"tintindex":0,"rotation":0,"texture":"#1"},"south":{"uv":[7.5635,5.001,7.624,5.1865],"tintindex":0,"rotation":0,"texture":"#1"},"north":{"uv":[7.5635,4.1885,7.624,4.374],"tintindex":0,"rotation":0,"texture":"#1"},"west":{"uv":[7.5635,5.251,7.624,5.4365],"tintindex":0,"rotation":0,"texture":"#1"},"up":{"uv":[8.4365,4.5615,8.376,4.501],"tintindex":0,"rotation":0,"texture":"#1"},"down":{"uv":[8.4365,4.626,8.376,4.6865],"tintindex":0,"rotation":0,"texture":"#1"}}},{"from":[6.370673,0.8824998,9.6797085],"to":[7.3806734,4.8925,10.689709],"faces":{"east":{"uv":[6.251,7.1885,6.3115,7.4365],"tintindex":0,"rotation":0,"texture":"#1"},"south":{"uv":[7.1885,6.4385,7.249,6.6865],"tintindex":0,"rotation":0,"texture":"#1"},"north":{"uv":[6.126,7.1885,6.1865,7.4365],"tintindex":0,"rotation":0,"texture":"#1"},"west":{"uv":[6.5635,7.1885,6.624,7.4365],"tintindex":0,"rotation":0,"texture":"#1"},"up":{"uv":[7.124,8.4365,7.0635,8.376],"tintindex":0,"rotation":0,"texture":"#1"},"down":{"uv":[8.4365,7.1885,8.376,7.249],"tintindex":0,"rotation":0,"texture":"#1"}},"rotation":{"origin":[6.8756733,2.8874998,10.184709],"angle":-22.5,"axis":"y"}},{"from":[6.25,7.0,6.925],"to":[9.75,9.0,10.175],"faces":{"east":{"uv":[6.1885,0.001,6.374,0.124],"tintindex":0,"rotation":0,"texture":"#1"},"south":{"uv":[5.751,3.0635,5.999,3.1865],"tintindex":0,"rotation":0,"texture":"#1"},"north":{"uv":[5.751,1.5635,5.999,1.6865],"tintindex":0,"rotation":0,"texture":"#1"},"west":{"uv":[6.1885,2.8135,6.374,2.9365],"tintindex":0,"rotation":0,"texture":"#1"},"up":{"uv":[4.4365,5.374,4.1885,5.1885],"tintindex":0,"rotation":0,"texture":"#1"},"down":{"uv":[0.249,5.251,0.001,5.4365],"tintindex":0,"rotation":0,"texture":"#1"}}},{"from":[9.219326,0.8824998,6.3102913],"to":[10.229327,4.8925,7.3202915],"faces":{"east":{"uv":[7.001,7.126,7.0615,7.374],"tintindex":0,"rotation":0,"texture":"#1"},"south":{"uv":[7.126,7.126,7.1865,7.374],"tintindex":0,"rotation":0,"texture":"#1"},"north":{"uv":[6.876,7.126,6.9365,7.374],"tintindex":0,"rotation":0,"texture":"#1"},"west":{"uv":[0.001,7.1885,0.0615,7.4365],"tintindex":0,"rotation":0,"texture":"#1"},"up":{"uv":[8.4365,4.999,8.376,4.9385],"tintindex":0,"rotation":0,"texture":"#1"},"down":{"uv":[8.4365,5.0635,8.376,5.124],"tintindex":0,"rotation":0,"texture":"#1"}},"rotation":{"origin":[9.724326,2.8874998,6.8152914],"angle":-22.5,"axis":"y"}},{"from":[6.5,7.0,6.0],"to":[7.5,9.0,7.0],"faces":{"east":{"uv":[0.876,7.9385,0.9365,8.0615],"tintindex":0,"rotation":0,"texture":"#1"},"south":{"uv":[7.9385,1.001,7.999,1.124],"tintindex":0,"rotation":0,"texture":"#1"},"north":{"uv":[0.751,7.9385,0.8115,8.0615],"tintindex":0,"rotation":0,"texture":"#1"},"west":{"uv":[1.501,7.9385,1.5615,8.0615],"tintindex":0,"rotation":0,"texture":"#1"},"up":{"uv":[8.4365,3.999,8.376,3.9385],"tintindex":0,"rotation":0,"texture":"#1"},"down":{"uv":[4.0615,8.376,4.001,8.4365],"tintindex":0,"rotation":0,"texture":"#1"}},"rotation":{"origin":[7.0,8.0,6.5],"angle":22.5,"axis":"y"}},{"from":[9.219326,0.8824998,9.6797085],"to":[10.229327,4.8925,10.689709],"faces":{"east":{"uv":[3.5635,7.1885,3.624,7.4365],"tintindex":0,"rotation":0,"texture":"#1"},"south":{"uv":[7.1885,5.6885,7.249,5.9365],"tintindex":0,"rotation":0,"texture":"#1"},"north":{"uv":[7.1885,3.501,7.249,3.749],"tintindex":0,"rotation":0,"texture":"#1"},"west":{"uv":[7.1885,6.001,7.249,6.249],"tintindex":0,"rotation":0,"texture":"#1"},"up":{"uv":[6.874,8.4365,6.8135,8.376],"tintindex":0,"rotation":0,"texture":"#1"},"down":{"uv":[6.999,8.376,6.9385,8.4365],"tintindex":0,"rotation":0,"texture":"#1"}},"rotation":{"origin":[9.724326,2.8874998,10.184709],"angle":22.5,"axis":"y"}},{"from":[6.370673,0.8824998,6.3102913],"to":[7.3806734,4.8925,7.3202915],"faces":{"east":{"uv":[0.4385,7.1885,0.499,7.4365],"tintindex":0,"rotation":0,"texture":"#1"},"south":{"uv":[0.5635,7.1885,0.624,7.4365],"tintindex":0,"rotation":0,"texture":"#1"},"north":{"uv":[0.126,7.1885,0.1865,7.4365],"tintindex":0,"rotation":0,"texture":"#1"},"west":{"uv":[0.6885,7.1885,0.749,7.4365],"tintindex":0,"rotation":0,"texture":"#1"},"up":{"uv":[8.4365,5.249,8.376,5.1885],"tintindex":0,"rotation":0,"texture":"#1"},"down":{"uv":[5.374,8.376,5.3135,8.4365],"tintindex":0,"rotation":0,"texture":"#1"}},"rotation":{"origin":[6.8756733,2.8874998,6.8152914],"angle":22.5,"axis":"y"}},{"from":[6.175,0.0,6.5],"to":[10.275,1.0,10.525],"faces":{"east":{"uv":[7.126,5.001,7.374,5.0615],"tintindex":0,"rotation":0,"texture":"#1"},"south":{"uv":[7.126,5.126,7.374,5.1865],"tintindex":0,"rotation":0,"texture":"#1"},"north":{"uv":[7.126,4.5635,7.374,4.624],"tintindex":0,"rotation":0,"texture":"#1"},"west":{"uv":[7.126,5.251,7.374,5.3115],"tintindex":0,"rotation":0,"texture":"#1"},"up":{"uv":[0.999,5.0615,0.751,4.8135],"tintindex":0,"rotation":0,"texture":"#1"},"down":{"uv":[1.624,4.8135,1.376,5.0615],"tintindex":0,"rotation":0,"texture":"#1"}}}],"display":{"gui":{"rotation":[30,225,0]}}}