{"textures":{"0":"modelengine:entity/ravager_fire_crepit"},"elements":[{"from":[-8.0,-5.0,8.0],"to":[24.0,27.0,8.0],"faces":{"south":{"uv":[0.375,0.0,0.0,0.5625],"tintindex":0,"rotation":0,"texture":"#0"},"north":{"uv":[0.0,0.0,0.4375,0.375],"tintindex":0,"rotation":0,"texture":"#0"}}},{"from":[8.0,-5.0,-8.0],"to":[8.0,27.0,24.0],"faces":{"east":{"uv":[0.375,0.0,0.0,0.5625],"tintindex":0,"rotation":0,"texture":"#0"},"south":{"uv":[0.375,0.0,0.0,0.5625],"tintindex":0,"rotation":0,"texture":"#0"},"north":{"uv":[0.375,0.0,0.0,0.5625],"tintindex":0,"rotation":0,"texture":"#0"},"west":{"uv":[0.375,0.0,0.0,0.5625],"tintindex":0,"rotation":0,"texture":"#0"},"up":{"uv":[0.375,0.0,0.0,0.5625],"tintindex":0,"rotation":0,"texture":"#0"},"down":{"uv":[0.375,0.0,0.0,0.5625],"tintindex":0,"rotation":0,"texture":"#0"}}},{"from":[-8.0,-5.0,8.0],"to":[24.0,27.0,8.0],"faces":{"east":{"uv":[0.375,0.0,0.0,0.5625],"tintindex":0,"rotation":0,"texture":"#0"},"south":{"uv":[0.375,0.0,0.0,0.5625],"tintindex":0,"rotation":0,"texture":"#0"},"north":{"uv":[0.375,0.0,0.0,0.5625],"tintindex":0,"rotation":0,"texture":"#0"},"west":{"uv":[0.375,0.0,0.0,0.5625],"tintindex":0,"rotation":0,"texture":"#0"},"up":{"uv":[0.375,0.0,0.0,0.5625],"tintindex":0,"rotation":0,"texture":"#0"},"down":{"uv":[0.375,0.0,0.0,0.5625],"tintindex":0,"rotation":0,"texture":"#0"}}}],"display":{"gui":{"rotation":[30,225,0]}}}