{"sources":[{"source":"entity","prefix":"entity/","type":"directory"},{"type":"single","resource":"modelengine:entity/fallen_ravageress"},{"type":"single","resource":"modelengine:entity/fdefender_fireblade_resources"},{"type":"single","resource":"modelengine:entity/fdefender_sfe_start"},{"type":"single","resource":"modelengine:entity/fallenravager"},{"type":"single","resource":"modelengine:entity/boneshadingfireravager"},{"type":"single","resource":"modelengine:entity/fravager_fireblade_resources"},{"type":"single","resource":"modelengine:entity/fallen_defendress"},{"type":"single","resource":"modelengine:entity/fdefender_fireprojectile"},{"type":"single","resource":"modelengine:entity/kindletron2"},{"type":"single","resource":"modelengine:entity/fallendefender"},{"type":"single","resource":"modelengine:entity/fdefender_fire_crepit"},{"type":"single","resource":"modelengine:entity/fravager_chipcitums_axe"},{"type":"single","resource":"modelengine:entity/fdefender_soulblade_effects"},{"type":"single","resource":"modelengine:entity/boneshadingravager"},{"type":"single","resource":"modelengine:entity/fdefender_rsw"},{"type":"single","resource":"modelengine:entity/kazk_queen"},{"type":"single","resource":"modelengine:entity/ravager_explosion_2"},{"type":"single","resource":"modelengine:entity/fravager_ravage_effects"},{"type":"single","resource":"modelengine:entity/kazk_ground_hole"},{"type":"single","resource":"modelengine:entity/fdefender_firesourcesprit"},{"type":"single","resource":"modelengine:entity/kazk_queen_slash_fx"},{"type":"single","resource":"modelengine:entity/fravager_ravage"},{"type":"single","resource":"modelengine:entity/fdefender_supershockwave"},{"type":"single","resource":"modelengine:entity/boneshadingdefender"},{"type":"single","resource":"modelengine:entity/boneshadingfiredefender"},{"type":"single","resource":"modelengine:entity/kindletron2_damaged"},{"type":"single","resource":"modelengine:entity/fallendefender_dead"},{"type":"single","resource":"modelengine:entity/shieldkrystel_fdf"},{"type":"single","resource":"modelengine:entity/fravager_shockwave1"},{"type":"single","resource":"modelengine:entity/fravager_gosido"},{"type":"single","resource":"modelengine:entity/soulfire_svorden"},{"type":"single","resource":"modelengine:entity/shieldfield1_loop"},{"type":"single","resource":"modelengine:entity/fdefender_soulfirextension1_loop"},{"type":"single","resource":"modelengine:entity/ravager_fire_crepit"},{"type":"single","resource":"modelengine:entity/fdefender_explosion_2"},{"type":"single","resource":"modelengine:entity/em_nothingness"},{"type":"single","resource":"modelengine:entity/fhero_invis"}]}