{"textures":{"2":"modelengine:entity/kindletron2"},"elements":[{"from":[9.598125,8.511543,13.229458],"to":[14.598125,8.511543,17.729458],"faces":{"east":{"uv":[0.0,3.6875,0.5625,3.75],"tintindex":0,"rotation":0,"texture":"#2"},"south":{"uv":[0.0,3.6875,0.625,3.75],"tintindex":0,"rotation":0,"texture":"#2"},"north":{"uv":[0.0,3.6875,0.625,3.75],"tintindex":0,"rotation":0,"texture":"#2"},"west":{"uv":[0.0,3.6875,0.5625,3.75],"tintindex":0,"rotation":0,"texture":"#2"},"up":{"uv":[2.0625,4.6875,1.4375,4.125],"tintindex":0,"rotation":0,"texture":"#2"},"down":{"uv":[2.0625,4.125,1.4375,4.6875],"tintindex":0,"rotation":0,"texture":"#2"}},"rotation":{"origin":[4.0981255,12.111544,15.229458],"angle":-22.5,"axis":"x"}},{"from":[1.5981255,8.611544,13.229458],"to":[5.5981255,15.611544,17.229458],"faces":{"east":{"uv":[8.5625,5.125,9.0625,6.0],"tintindex":0,"rotation":0,"texture":"#2"},"south":{"uv":[8.5625,6.9375,9.0625,7.8125],"tintindex":0,"rotation":0,"texture":"#2"},"north":{"uv":[2.375,8.4375,2.875,9.3125],"tintindex":0,"rotation":0,"texture":"#2"},"west":{"uv":[8.625,2.25,9.125,3.125],"tintindex":0,"rotation":0,"texture":"#2"},"up":{"uv":[10.5625,9.5,10.0625,9.0],"tintindex":0,"rotation":0,"texture":"#2"},"down":{"uv":[10.5625,9.5,10.0625,10.0],"tintindex":0,"rotation":0,"texture":"#2"}},"rotation":{"origin":[4.0981255,12.111544,15.229458],"angle":-22.5,"axis":"x"}},{"from":[1.5981255,9.260649,17.49273],"to":[5.5981255,9.260649,22.49273],"faces":{"up":{"uv":[2.1875,4.1875,2.4375,4.8125],"tintindex":0,"rotation":0,"texture":"#2"},"down":{"uv":[2.1875,4.8125,2.4375,4.1875],"tintindex":0,"rotation":0,"texture":"#2"}}},{"from":[11.21962,8.528097,5.729459],"to":[19.21962,11.528097,7.729459],"faces":{"east":{"uv":[11.25,6.5625,11.5,6.9375],"tintindex":0,"rotation":0,"texture":"#2"},"south":{"uv":[9.375,1.6875,10.375,2.0625],"tintindex":0,"rotation":0,"texture":"#2"},"north":{"uv":[9.375,1.3125,10.375,1.6875],"tintindex":0,"rotation":0,"texture":"#2"},"west":{"uv":[6.9375,11.25,7.1875,11.625],"tintindex":0,"rotation":0,"texture":"#2"},"up":{"uv":[6.5625,7.4375,5.5625,7.1875],"tintindex":0,"rotation":0,"texture":"#2"},"down":{"uv":[10.9375,0.0,9.9375,0.25],"tintindex":0,"rotation":0,"texture":"#2"}},"rotation":{"origin":[15.21962,10.028097,7.229459],"angle":22.5,"axis":"z"}},{"from":[2.0981255,10.111544,2.7294583],"to":[13.598125,17.611544,13.229458],"faces":{"east":{"uv":[5.5625,5.375,6.875,6.3125],"tintindex":0,"rotation":0,"texture":"#2"},"south":{"uv":[2.5,3.5625,3.9375,4.5],"tintindex":0,"rotation":0,"texture":"#2"},"north":{"uv":[2.5,2.625,3.9375,3.5625],"tintindex":0,"rotation":0,"texture":"#2"},"west":{"uv":[1.5,5.6875,2.8125,6.625],"tintindex":0,"rotation":0,"texture":"#2"},"up":{"uv":[3.9375,1.3125,2.5,0.0],"tintindex":0,"rotation":0,"texture":"#2"},"down":{"uv":[3.9375,1.3125,2.5,2.625],"tintindex":0,"rotation":0,"texture":"#2"}}},{"from":[19.21962,7.028097,5.229459],"to":[23.71962,11.528097,10.729459],"faces":{"east":{"uv":[9.125,2.0625,9.8125,2.625],"tintindex":0,"rotation":0,"texture":"#2"},"south":{"uv":[4.5,9.875,5.0625,10.4375],"tintindex":0,"rotation":0,"texture":"#2"},"north":{"uv":[9.8125,2.0625,10.375,2.625],"tintindex":0,"rotation":0,"texture":"#2"},"west":{"uv":[8.4375,9.1875,9.125,9.75],"tintindex":0,"rotation":0,"texture":"#2"},"up":{"uv":[9.6875,9.875,9.125,9.1875],"tintindex":0,"rotation":0,"texture":"#2"},"down":{"uv":[0.5625,9.25,0.0,9.9375],"tintindex":0,"rotation":0,"texture":"#2"}},"rotation":{"origin":[15.21962,10.028097,7.229459],"angle":22.5,"axis":"z"}},{"from":[7.0981255,11.611544,3.7294583],"to":[8.598125,18.611544,14.729458],"faces":{"east":{"uv":[5.375,1.0,6.75,1.875],"tintindex":0,"rotation":0,"texture":"#2"},"south":{"uv":[2.375,10.5625,2.5625,11.4375],"tintindex":0,"rotation":0,"texture":"#2"},"north":{"uv":[1.0,10.375,1.1875,11.25],"tintindex":0,"rotation":0,"texture":"#2"},"west":{"uv":[5.5625,6.3125,6.9375,7.1875],"tintindex":0,"rotation":0,"texture":"#2"},"up":{"uv":[0.5625,11.3125,0.375,9.9375],"tintindex":0,"rotation":0,"texture":"#2"},"down":{"uv":[1.625,9.9375,1.4375,11.3125],"tintindex":0,"rotation":0,"texture":"#2"}}},{"from":[13.598125,14.611544,4.2294583],"to":[25.098125,19.611544,11.729459],"faces":{"east":{"uv":[7.875,0.0,8.8125,0.625],"tintindex":0,"rotation":0,"texture":"#2"},"south":{"uv":[7.5625,1.625,9.0,2.25],"tintindex":0,"rotation":0,"texture":"#2"},"north":{"uv":[7.125,7.5,8.5625,8.125],"tintindex":0,"rotation":0,"texture":"#2"},"west":{"uv":[7.9375,3.375,8.875,4.0],"tintindex":0,"rotation":0,"texture":"#2"},"up":{"uv":[5.375,0.9375,3.9375,0.0],"tintindex":0,"rotation":0,"texture":"#2"},"down":{"uv":[5.375,0.9375,3.9375,1.875],"tintindex":0,"rotation":0,"texture":"#2"}}},{"from":[-0.90187454,12.111544,3.7294583],"to":[2.0981255,16.611544,5.729459],"faces":{"east":{"uv":[1.625,9.9375,1.875,10.5],"tintindex":0,"rotation":0,"texture":"#2"},"south":{"uv":[5.9375,10.5625,6.3125,11.125],"tintindex":0,"rotation":0,"texture":"#2"},"north":{"uv":[2.0,10.5625,2.375,11.125],"tintindex":0,"rotation":0,"texture":"#2"},"west":{"uv":[3.25,10.75,3.5,11.3125],"tintindex":0,"rotation":0,"texture":"#2"},"up":{"uv":[7.9375,5.375,7.5625,5.125],"tintindex":0,"rotation":0,"texture":"#2"},"down":{"uv":[9.4375,5.75,9.0625,6.0],"tintindex":0,"rotation":0,"texture":"#2"}}},{"from":[13.598125,10.111544,11.729459],"to":[22.598125,19.611544,14.729458],"faces":{"east":{"uv":[1.125,8.0,1.5,9.1875],"tintindex":0,"rotation":0,"texture":"#2"},"south":{"uv":[3.9375,3.0625,5.0625,4.25],"tintindex":0,"rotation":0,"texture":"#2"},"north":{"uv":[3.9375,1.875,5.0625,3.0625],"tintindex":0,"rotation":0,"texture":"#2"},"west":{"uv":[6.125,8.125,6.5,9.3125],"tintindex":0,"rotation":0,"texture":"#2"},"up":{"uv":[9.875,9.1875,8.75,8.8125],"tintindex":0,"rotation":0,"texture":"#2"},"down":{"uv":[1.125,8.875,0.0,9.25],"tintindex":0,"rotation":0,"texture":"#2"}}},{"from":[13.598125,10.111544,1.2294583],"to":[22.598125,19.611544,4.2294583],"faces":{"east":{"uv":[6.5,8.125,6.875,9.3125],"tintindex":0,"rotation":0,"texture":"#2"},"south":{"uv":[2.5,4.5,3.625,5.6875],"tintindex":0,"rotation":0,"texture":"#2"},"north":{"uv":[3.9375,4.25,5.0625,5.4375],"tintindex":0,"rotation":0,"texture":"#2"},"west":{"uv":[6.875,8.125,7.25,9.3125],"tintindex":0,"rotation":0,"texture":"#2"},"up":{"uv":[10.0,3.5,8.875,3.125],"tintindex":0,"rotation":0,"texture":"#2"},"down":{"uv":[10.0,3.5,8.875,3.875],"tintindex":0,"rotation":0,"texture":"#2"}}},{"from":[1.5981255,3.4952822,15.64447],"to":[5.5981255,8.495283,15.64447],"faces":{"south":{"uv":[2.1875,4.1875,2.4375,4.8125],"tintindex":0,"rotation":0,"texture":"#2"},"north":{"uv":[2.1875,4.8125,2.4375,4.1875],"tintindex":0,"rotation":180,"texture":"#2"}}},{"from":[1.0981255,8.511543,13.229458],"to":[6.0981255,8.511543,17.729458],"faces":{"east":{"uv":[0.0,3.6875,0.5625,3.75],"tintindex":0,"rotation":0,"texture":"#2"},"south":{"uv":[0.0,3.6875,0.625,3.75],"tintindex":0,"rotation":0,"texture":"#2"},"north":{"uv":[0.0,3.6875,0.625,3.75],"tintindex":0,"rotation":0,"texture":"#2"},"west":{"uv":[0.0,3.6875,0.5625,3.75],"tintindex":0,"rotation":0,"texture":"#2"},"up":{"uv":[2.0625,4.6875,1.4375,4.125],"tintindex":0,"rotation":0,"texture":"#2"},"down":{"uv":[2.0625,4.125,1.4375,4.6875],"tintindex":0,"rotation":0,"texture":"#2"}},"rotation":{"origin":[-4.4018726,12.111544,15.229458],"angle":-22.5,"axis":"x"}},{"from":[17.598125,17.611544,6.229459],"to":[26.098125,20.611544,9.229459],"faces":{"east":{"uv":[0.5625,10.9375,0.9375,11.3125],"tintindex":0,"rotation":0,"texture":"#2"},"south":{"uv":[9.0625,5.375,10.125,5.75],"tintindex":0,"rotation":0,"texture":"#2"},"north":{"uv":[9.0625,5.0,10.125,5.375],"tintindex":0,"rotation":0,"texture":"#2"},"west":{"uv":[10.9375,0.9375,11.3125,1.3125],"tintindex":0,"rotation":0,"texture":"#2"},"up":{"uv":[10.125,7.0,9.0625,6.625],"tintindex":0,"rotation":0,"texture":"#2"},"down":{"uv":[10.125,7.0,9.0625,7.375],"tintindex":0,"rotation":0,"texture":"#2"}}},{"from":[10.098125,8.611544,13.229458],"to":[14.098125,15.611544,17.229458],"faces":{"east":{"uv":[7.75,8.125,8.25,9.0],"tintindex":0,"rotation":0,"texture":"#2"},"south":{"uv":[8.25,8.125,8.75,9.0],"tintindex":0,"rotation":0,"texture":"#2"},"north":{"uv":[7.25,8.125,7.75,9.0],"tintindex":0,"rotation":0,"texture":"#2"},"west":{"uv":[1.875,8.4375,2.375,9.3125],"tintindex":0,"rotation":0,"texture":"#2"},"up":{"uv":[10.5625,7.875,10.0625,7.375],"tintindex":0,"rotation":0,"texture":"#2"},"down":{"uv":[10.5625,7.875,10.0625,8.375],"tintindex":0,"rotation":0,"texture":"#2"}},"rotation":{"origin":[11.598125,12.111544,15.229458],"angle":-22.5,"axis":"x"}},{"from":[2.5981255,-6.3884563,14.229458],"to":[4.5981255,8.611544,16.229458],"faces":{"east":{"uv":[2.1875,3.0625,2.4375,4.9375],"tintindex":0,"rotation":0,"texture":"#2"},"south":{"uv":[2.1875,3.0625,2.4375,4.9375],"tintindex":0,"rotation":0,"texture":"#2"},"north":{"uv":[2.1875,3.0625,2.4375,4.9375],"tintindex":0,"rotation":0,"texture":"#2"},"west":{"uv":[2.1875,3.0625,2.4375,4.9375],"tintindex":0,"rotation":0,"texture":"#2"},"up":{"uv":[1.8125,3.8125,1.5625,3.5625],"tintindex":0,"rotation":0,"texture":"#2"},"down":{"uv":[2.0625,3.5625,1.8125,3.8125],"tintindex":0,"rotation":0,"texture":"#2"}},"rotation":{"origin":[-4.4018726,12.111544,15.229458],"angle":-22.5,"axis":"x"}},{"from":[2.0981255,10.111544,13.229458],"to":[13.598125,11.611544,14.729458],"faces":{"east":{"uv":[9.875,9.0,10.0625,9.1875],"tintindex":0,"rotation":0,"texture":"#2"},"south":{"uv":[9.4375,0.75,10.875,0.9375],"tintindex":0,"rotation":0,"texture":"#2"},"north":{"uv":[9.3125,4.6875,10.75,4.875],"tintindex":0,"rotation":0,"texture":"#2"},"west":{"uv":[11.5625,2.8125,11.75,3.0],"tintindex":0,"rotation":0,"texture":"#2"},"up":{"uv":[10.9375,4.0625,9.5,3.875],"tintindex":0,"rotation":0,"texture":"#2"},"down":{"uv":[10.9375,4.0625,9.5,4.25],"tintindex":0,"rotation":0,"texture":"#2"}}},{"from":[4.0981255,8.611544,-0.27054214],"to":[12.098125,17.111544,2.7294583],"faces":{"east":{"uv":[8.0625,9.0,8.4375,10.0625],"tintindex":0,"rotation":0,"texture":"#2"},"south":{"uv":[6.9375,6.4375,7.9375,7.5],"tintindex":0,"rotation":0,"texture":"#2"},"north":{"uv":[6.9375,5.375,7.9375,6.4375],"tintindex":0,"rotation":0,"texture":"#2"},"west":{"uv":[3.6875,9.0625,4.0625,10.125],"tintindex":0,"rotation":0,"texture":"#2"},"up":{"uv":[2.875,9.6875,1.875,9.3125],"tintindex":0,"rotation":0,"texture":"#2"},"down":{"uv":[10.3125,4.3125,9.3125,4.6875],"tintindex":0,"rotation":0,"texture":"#2"}}},{"from":[10.098125,9.260649,17.49273],"to":[14.098125,9.260649,22.49273],"faces":{"up":{"uv":[2.1875,4.1875,2.4375,4.8125],"tintindex":0,"rotation":0,"texture":"#2"},"down":{"uv":[2.1875,4.8125,2.4375,4.1875],"tintindex":0,"rotation":0,"texture":"#2"}}},{"from":[4.0981255,7.1115437,2.7294583],"to":[12.098125,10.111544,11.729459],"faces":{"east":{"uv":[8.75,8.4375,9.875,8.8125],"tintindex":0,"rotation":0,"texture":"#2"},"south":{"uv":[9.375,0.9375,10.375,1.3125],"tintindex":0,"rotation":0,"texture":"#2"},"north":{"uv":[5.9375,9.3125,6.9375,9.6875],"tintindex":0,"rotation":0,"texture":"#2"},"west":{"uv":[8.8125,0.0,9.9375,0.375],"tintindex":0,"rotation":0,"texture":"#2"},"up":{"uv":[2.5,7.75,1.5,6.625],"tintindex":0,"rotation":0,"texture":"#2"},"down":{"uv":[3.5,6.625,2.5,7.75],"tintindex":0,"rotation":0,"texture":"#2"}}},{"from":[22.617077,12.384705,7.314825],"to":[27.117077,14.884705,9.314825],"faces":{"east":{"uv":[7.3125,10.0625,7.5625,10.375],"tintindex":0,"rotation":0,"texture":"#2"},"south":{"uv":[10.875,0.625,11.4375,0.9375],"tintindex":0,"rotation":0,"texture":"#2"},"north":{"uv":[7.375,10.8125,7.9375,11.125],"tintindex":0,"rotation":0,"texture":"#2"},"west":{"uv":[3.0625,11.5,3.3125,11.8125],"tintindex":0,"rotation":0,"texture":"#2"},"up":{"uv":[9.375,0.625,8.8125,0.375],"tintindex":0,"rotation":0,"texture":"#2"},"down":{"uv":[11.4375,10.6875,10.875,10.9375],"tintindex":0,"rotation":0,"texture":"#2"}},"rotation":{"origin":[24.867077,13.634705,8.314825],"angle":22.5,"axis":"z"}},{"from":[-0.90187454,12.111544,10.229459],"to":[2.0981255,16.611544,12.229459],"faces":{"east":{"uv":[5.3125,10.9375,5.5625,11.5],"tintindex":0,"rotation":0,"texture":"#2"},"south":{"uv":[10.5625,7.125,10.9375,7.6875],"tintindex":0,"rotation":0,"texture":"#2"},"north":{"uv":[6.3125,10.5625,6.6875,11.125],"tintindex":0,"rotation":0,"texture":"#2"},"west":{"uv":[10.9375,7.125,11.1875,7.6875],"tintindex":0,"rotation":0,"texture":"#2"},"up":{"uv":[8.4375,10.3125,8.0625,10.0625],"tintindex":0,"rotation":0,"texture":"#2"},"down":{"uv":[11.5625,9.25,11.1875,9.5],"tintindex":0,"rotation":0,"texture":"#2"}}},{"from":[10.098125,3.4952822,15.64447],"to":[14.098125,8.495283,15.64447],"faces":{"south":{"uv":[2.1875,4.1875,2.4375,4.8125],"tintindex":0,"rotation":0,"texture":"#2"},"north":{"uv":[2.1875,4.8125,2.4375,4.1875],"tintindex":0,"rotation":180,"texture":"#2"}}},{"from":[-0.90187454,14.611544,5.729459],"to":[2.0981255,16.611544,10.229459],"faces":{"east":{"uv":[10.9375,0.0,11.5,0.25],"tintindex":0,"rotation":0,"texture":"#2"},"south":{"uv":[10.25,11.25,10.625,11.5],"tintindex":0,"rotation":0,"texture":"#2"},"north":{"uv":[9.875,11.25,10.25,11.5],"tintindex":0,"rotation":0,"texture":"#2"},"west":{"uv":[10.9375,3.875,11.5,4.125],"tintindex":0,"rotation":0,"texture":"#2"},"up":{"uv":[10.9375,8.25,10.5625,7.6875],"tintindex":0,"rotation":0,"texture":"#2"},"down":{"uv":[10.9375,8.9375,10.5625,9.5],"tintindex":0,"rotation":0,"texture":"#2"}}},{"from":[11.21962,8.528097,8.729459],"to":[19.21962,11.528097,10.729459],"faces":{"east":{"uv":[11.25,6.5625,11.5,6.9375],"tintindex":0,"rotation":0,"texture":"#2"},"south":{"uv":[9.375,1.6875,10.375,2.0625],"tintindex":0,"rotation":0,"texture":"#2"},"north":{"uv":[9.375,1.3125,10.375,1.6875],"tintindex":0,"rotation":0,"texture":"#2"},"west":{"uv":[6.9375,11.25,7.1875,11.625],"tintindex":0,"rotation":0,"texture":"#2"},"up":{"uv":[6.5625,7.4375,5.5625,7.1875],"tintindex":0,"rotation":0,"texture":"#2"},"down":{"uv":[10.9375,0.0,9.9375,0.25],"tintindex":0,"rotation":0,"texture":"#2"}},"rotation":{"origin":[15.21962,10.028097,7.229459],"angle":22.5,"axis":"z"}},{"from":[11.098125,-6.3884563,14.229458],"to":[13.098125,8.611544,16.229458],"faces":{"east":{"uv":[2.1875,3.0625,2.4375,4.9375],"tintindex":0,"rotation":0,"texture":"#2"},"south":{"uv":[2.1875,3.0625,2.4375,4.9375],"tintindex":0,"rotation":0,"texture":"#2"},"north":{"uv":[2.1875,3.0625,2.4375,4.9375],"tintindex":0,"rotation":0,"texture":"#2"},"west":{"uv":[2.1875,3.0625,2.4375,4.9375],"tintindex":0,"rotation":0,"texture":"#2"},"up":{"uv":[1.8125,3.8125,1.5625,3.5625],"tintindex":0,"rotation":0,"texture":"#2"},"down":{"uv":[2.0625,3.5625,1.8125,3.8125],"tintindex":0,"rotation":0,"texture":"#2"}},"rotation":{"origin":[4.0981255,12.111544,15.229458],"angle":-22.5,"axis":"x"}}],"display":{"gui":{"rotation":[30,225,0]}}}