{"textures":{"0":"modelengine:entity/kazk_ground_hole"},"elements":[{"from":[4.5,4.5,3.0],"to":[11.5,11.5,13.0],"faces":{"east":{"uv":[7.5,5.75,8.75,6.625],"tintindex":0,"rotation":0,"texture":"#0"},"south":{"uv":[7.625,4.125,8.5,5.0],"tintindex":0,"rotation":0,"texture":"#0"},"north":{"uv":[7.625,3.25,8.5,4.125],"tintindex":0,"rotation":0,"texture":"#0"},"west":{"uv":[7.5,6.625,8.75,7.5],"tintindex":0,"rotation":0,"texture":"#0"},"up":{"uv":[8.375,8.75,7.5,7.5],"tintindex":0,"rotation":0,"texture":"#0"},"down":{"uv":[8.5,0.0,7.625,1.25],"tintindex":0,"rotation":0,"texture":"#0"}}}],"display":{"gui":{"rotation":[30,225,0]}}}